_id,end_promotion,name_product,name_promotion,not_promotion_price,picture,promotion_price,sale,start_promotion,url
607dd19c242187015355154b,20 апреля,"Корм для кошек Whiskas, желе, индейка, 85 г",Скидки на каждой полке,14.99,/upload/iblock/758/7580f6e119ab38e464604e659ed5377b.jpg,23.10,−35%,14 апреля,/promo/205991/
607dd19d242187015355154c,20 апреля,"Корм для котят Whiskas, курица, 85 г",Скидки на каждой полке,14.99,/upload/iblock/f61/f6178ea0cb67c53cdd49450595c15fe8.jpg,23.10,−35%,14 апреля,/promo/205061/
607dd19d242187015355154d,05 мая,"Корм для кошек Perfect Fit, с курицей, 85 г",Скидки на каждой полке,17.99,/upload/iblock/c2a/c2a45359c48ce286c6f51e312136220d.jpg,26.10,−31%,08 апреля,/promo/203071/
607dd19d242187015355154e,20 апреля,"Конфеты 35, со сливочной начинкой, 100 г",Скидки на каждой полке,19.99,/upload/iblock/a84/a84e68478fc1d966734e75e25862c081.jpg,35.10,−43%,14 апреля,/promo/205191/
607dd19d242187015355154f,05 мая,"Напиток Имунеле, кисломолочный, с соком тутти-фрутти, 100 г",Скидки на каждой полке,19.99,/upload/iblock/fca/fca3d47db9300d9af3152bcfbbb4dcf3.jpg,25.00,−20%,08 апреля,/promo/203111/
607dd19d2421870153551550,20 апреля,"Конфеты 35, со сливочной начинкой, 100 г",Скидки на каждой полке,22.99,/upload/iblock/39d/39d776a6c92081b38f0190313bcd2dd1.jpg,34.80,−34%,14 апреля,/promo/206051/
607dd19d2421870153551551,20 апреля,"Йогурт Чудо, питьевой, дыня/ манго/ персик, 2,4 %, 270 г",Скидки на каждой полке,32.99,/upload/iblock/385/3853d5257e1fdebe5e36421ea66aba06.jpg,50.80,−35%,14 апреля,/promo/206021/
607dd19d2421870153551552,20 апреля,"Йогурт Чудо, питьевой, клубника/ земляника, 2,4 %, 270 г",Скидки на каждой полке,32.99,/upload/iblock/bf3/bf3cef0fda7386e3528bfd7c8d26ea0c.jpg,50.80,−35%,14 апреля,/promo/205071/
607dd19d2421870153551553,05 мая,"Приправа Kamis, прованские травы, 10 г",Скидки на каждой полке,36.99,/upload/iblock/b6e/b6ea3838b1c580832201383d773647af.jpg,56.00,−34%,08 апреля,/promo/204601/
607dd19d2421870153551554,20 апреля,"Шоколад Российский, тёмный, с миндалем, 90 г",Скидки на каждой полке,39.99,/upload/iblock/5ee/5ee5d9d399f86b4ad40900dcfcc4ca05.jpg,79.98,−50%,14 апреля,/promo/206061/
607dd19d2421870153551555,20 апреля,"Шоколад Путешествие, темный, 90 г",Скидки на каждой полке,39.99,/upload/iblock/2a2/2a2acf8fa9614432fda22ff98a67b8a6.jpg,79.98,−50%,14 апреля,/promo/205161/
607dd19d2421870153551556,05 мая,"Напиток Mountain Dew, газированный, 0,5 л",Скидки на каждой полке,39.99,/upload/iblock/664/6644539d8c6d33b43ed0896f150347e9.jpg,62.5,−36%,08 апреля,/promo/204621/
607dd19d2421870153551557,20 апреля,"Кукурузные палочки Кузя Лакомкин, в сахарной пудре, 140 г",Скидки на каждой полке,39.99,/upload/iblock/f41/f4169f15a027a6992fd1495f347d4333.jpg,58.80,−32%,14 апреля,/promo/206011/
607dd19d2421870153551558,20 апреля,"Кукурузные палочки Кузя Лакомкин, в сахарной пудре, 140 г",Скидки на каждой полке,39.99,/upload/iblock/11b/11bb37c1b42625585ab37ad9b18100b0.jpg,54.80,−27%,14 апреля,/promo/205101/
607dd19d2421870153551559,05 мая,"Туалетное мыло Camay, Мадемуазель, цветок лотоса, 85 г",Скидки на каждой полке,39.99,/upload/iblock/398/39893e65e34a6e85f25dfb5ab8e9e19f.jpg,61.5,−35%,08 апреля,/promo/204481/
607dd19d242187015355155a,05 мая,"Напиток Mountain Dew, газированный, 0,5 л",Скидки на каждой полке,44.99,/upload/iblock/8a8/8a83d62f47aa4c87f0c1cf4967744e3b.jpg,62.50,−28%,08 апреля,/promo/203051/
607dd19d242187015355155b,20 апреля,"Шоколад Alpen Gold, молочный, дробленный фундук, 85 г",Скидки на каждой полке,44.99,/upload/iblock/a8a/a8ae3e87e6b32dbc34fb87ad8bdb1e6d.jpg,84.90,−47%,14 апреля,/promo/205931/
607dd19d242187015355155c,20 апреля,"Шоколад Alpen Gold, молочный, дробленный фундук, 85 г",Скидки на каждой полке,44.99,/upload/iblock/107/107894985edb35da7b3057c648d0d148.jpg,84.90,−47%,14 апреля,/promo/205031/
607dd19d242187015355155d,05 мая,"Пиво Amstel Premium Pilsener, светлое, 4,8 %, 0,45 л",Скидки на каждой полке,45.99,/upload/iblock/0a2/0a2b27a70c60b73adcec3e71a922b9e3.jpg,66.70,−31%,08 апреля,/promo/201971/
607dd19d242187015355155e,20 апреля,"Пиво Carlsberg Wild Unfiltered, светлое, 4,5 %, 0,45 л",Скидки на каждой полке,46.99,/upload/iblock/3da/3dad1321b95130363afabf6873107517.jpg,61.80,−24%,14 апреля,/promo/204931/
607dd19d242187015355155f,20 апреля,"Пиво Carlsberg Wild Unfiltered, светлое, 4,5 %, 0,45 л",Скидки на каждой полке,46.99,/upload/iblock/277/27751babc02021a93af8a81dc0a60578.jpg,61.80,−24%,14 апреля,/promo/205531/
607dd19d2421870153551560,05 мая,"Пиво Amstel Premium Pilsener, светлое, 4,8 %, 0,45 л",Скидки на каждой полке,47.99,/upload/iblock/1d3/1d37b338c51744452a9a1200468da0e9.jpg,66.70,−28%,08 апреля,/promo/202081/
607dd19d2421870153551561,05 мая,"Пюре Фрутоняня, мясное, цыпленок, 80 г",Скидки на каждой полке,48.99,/upload/iblock/99f/99f8a3a3e099f13b50c3495b7ec25dc9.jpg,66.20,−26%,08 апреля,/promo/203151/
607dd19d2421870153551562,20 апреля,"Пиво Bud 66, светлое, 4,3 %, 0,47 л",Скидки на каждой полке,49.99,/upload/iblock/ddb/ddbc2e6a6ecdaa7696ec3fef6879ff84.jpg,79.30,−37%,14 апреля,/promo/205491/
607dd19d2421870153551563,05 мая,"Чистящее средство Comet, 475 г",Скидки на каждой полке,49.99,/upload/iblock/4f1/4f198831893445a30d2a74b2561a0bd0.jpg,64.1,−22%,08 апреля,/promo/204491/
607dd19d2421870153551564,05 мая,"Пиво Lowenbrau, светлое, оригинальное, 5,4 %, 0,45 л",Скидки на каждой полке,49.99,/upload/iblock/065/065cb6ed4a7a309868633253167483ca.jpg,71.40,−30%,08 апреля,/promo/201981/
607dd19d2421870153551565,20 апреля,"Пиво Bud 66, светлое, 4,3 %, 0,47 л",Скидки на каждой полке,49.99,/upload/iblock/e3d/e3dac10ee4f7354579f1d05a782b01bd.jpg,79.30,−37%,14 апреля,/promo/204921/
607dd19d2421870153551566,05 мая,"Пиво Lowenbrau, светлое, оригинальное, 5,4 %, 0,45 л",Скидки на каждой полке,49.99,/upload/iblock/df7/df788d7000aac1ee9a493435d371da7c.jpg,71.40,−30%,08 апреля,/promo/202121/
607dd19d2421870153551567,20 апреля,"Пиво Miller Genuine Draft, 0,45 л",Скидки на каждой полке,52.99,/upload/iblock/081/08152de786dc5c08c88d418466e93b26.jpg,84.10,−37%,14 апреля,/promo/205571/
607dd19d2421870153551568,20 апреля,"Пиво Miller Genuine Draft, 0,45 л",Скидки на каждой полке,52.99,/upload/iblock/c2a/c2a1da4d11a75644e357e3d33191f8d7.jpg,84.10,−37%,14 апреля,/promo/204941/
607dd19d2421870153551569,20 апреля,"Картофель красный, 1 кг",Свежее предложение,Not data,/upload/iblock/2a8/2a8b3949e2d37426fe6bd4194517bea8.jpg,Not data,54,14 апреля,/promo/207311/
607dd19d242187015355156a,20 апреля,"Картофель красный, 1 кг",Свежее предложение,Not data,/upload/iblock/d00/d000ffbd02b7d03048697c3885c61584.jpg,Not data,54,14 апреля,/promo/205321/
607dd19d242187015355156b,05 мая,"Горошек Зеленый Globus, нежный, 425 мл",Скидки на каждой полке,54.99,/upload/iblock/afc/afc953df3332e15df3e9f39544cc6247.jpg,90.1,−39%,08 апреля,/promo/204581/
607dd19d242187015355156c,05 мая,"Кукуруза сладкая Globus, в зернах, 425 мл",Скидки на каждой полке,54.99,/upload/iblock/a84/a849bc31258637ea95b93fe536f1aab6.jpg,90.1,−39%,08 апреля,/promo/204591/
607dd19d242187015355156d,05 мая,"Сок Дары Кубани, томатный с мякотью, 1 л",Скидки на каждой полке,54.99,/upload/iblock/f93/f938ee2dffb6d0b99bdb6d3d656c0084.jpg,79.7,−31%,08 апреля,/promo/204641/
607dd19d242187015355156e,05 мая,"Кетчуп Слобода, томатный, 350 г",Скидки на каждой полке,54.99,/upload/iblock/c6f/c6f01960822c54f73ed317115753c56f.jpg,80.90,−32%,08 апреля,/promo/203141/
607dd19d242187015355156f,05 мая,"Горошек Зеленый Globus, нежный, 425 мл",Скидки на каждой полке,54.99,/upload/iblock/6b2/6b2ff33cfba7a8360e9aaee623519c19.jpg,90.10,−39%,08 апреля,/promo/203021/
607dd19d2421870153551570,05 мая,"Кукуруза сладкая Globus, в зернах, 425 мл",Скидки на каждой полке,54.99,/upload/iblock/9d6/9d65211114e94e04f9d41c3706cd4b8c.jpg,90.10,−39%,08 апреля,/promo/203031/
607dd19d2421870153551571,05 мая,"Фасоль белая Глобус, 425 мл",Скидки на каждой полке,54.99,/upload/iblock/138/138296948b62e78eded1ff6e519d9bac.jpg,90.10,−39%,08 апреля,/promo/203101/
607dd19d2421870153551572,20 апреля,"Шпинат, 1 уп. (50 г)",Свежее предложение,Not data,/upload/iblock/9aa/9aa3785c0faa8f175f510890fe05762a.jpg,Not data,56,14 апреля,/promo/205461/
607dd19d2421870153551573,20 апреля,"Зелень Ассорти, лук/ укроп/ петрушка, 1 уп. (100 г)",Свежее предложение,Not data,/upload/iblock/f34/f348cb1ef8557af46780af9412aad6b2.jpg,Not data,58,14 апреля,/promo/205291/
607dd19d2421870153551574,20 апреля,"Зелень Ассорти, лук/ укроп/ петрушка, 1 уп. (100 г)",Свежее предложение,Not data,/upload/iblock/1f6/1f68f1bd6a8c6249928fc390be852786.jpg,Not data,58,14 апреля,/promo/207161/
607dd19d2421870153551575,20 апреля,"Капуста молодая, белокочанная, 1 кг",Свежее предложение,Not data,/upload/iblock/370/370f754f6197b464a0c7896ad374edf2.jpg,Not data,59,14 апреля,/promo/207261/
607dd19d2421870153551576,20 апреля,"Капуста молодая, белокочанная, 1 кг",Свежее предложение,Not data,/upload/iblock/9d1/9d130f7e0d312a813767b1cf95386e2a.jpg,Not data,59,14 апреля,/promo/205311/
607dd19d2421870153551577,05 мая,"Освежитель воздуха Symphony, Душистая сирень, 300 мл",Скидки на каждой полке,59.99,/upload/iblock/da9/da9ddcfd1ae6286d3951e28875a46a5d.jpg,82.2,−27%,08 апреля,/promo/204531/
607dd19d2421870153551578,20 апреля,"Сок Фруктовый сад, томатный с мякотью, 0,95 л",Скидки на каждой полке,59.99,/upload/iblock/765/76526a86ac434657952058d6f5e60792.jpg,109.10,−45%,14 апреля,/promo/205971/
607dd19d2421870153551579,05 мая,"Пряники Яшкино, мятные, 350 г",Скидки на каждой полке,59.99,/upload/iblock/022/0220a90895bd1e5e24ec6a2e8d9bf165.jpg,82.20,−27%,08 апреля,/promo/203161/
607dd19d242187015355157a,05 мая,"Черемша соленая, 1 уп. (200 г)",Свежее предложение,Not data,/upload/iblock/cba/cbae90f66477c31828542990a4d89346.jpg,Not data,64,08 апреля,/promo/202611/
607dd19d242187015355157b,20 апреля,"Круггетсы Горячая штучка, сыр/соус, 250 г",1+1,69.90,/upload/iblock/786/786582d206ee1d2be7e2b5ebd2f07906.jpg,139.80,139,14 апреля,/promo/206101/
607dd19d242187015355157c,05 мая,"Туалетное мыло Fax, Фрутти яблоко, 5x70 г",Скидки на каждой полке,69.99,/upload/iblock/74c/74c7a2625e05465a6cd1a3576cdb8025.jpg,120.7,−42%,08 апреля,/promo/204501/
607dd19d242187015355157d,05 мая,"Крупа Гречневая Prosto, 500 г",Скидки на каждой полке,69.99,/upload/iblock/98a/98ae2eaa7b29e4b9ec2cdecf0a8b9589.jpg,100.00,−30%,08 апреля,/promo/203081/
607dd19d242187015355157e,05 мая,"Салат Свекла с фасолью, 300 г",Свежее предложение,Not data,/upload/iblock/331/33110b36a9e146b234cdbfa3c07ddef0.jpg,Not data,69,08 апреля,/promo/202521/
607dd19d242187015355157f,20 апреля,"Джем Махеевъ, персик/ манго, 300 г",Скидки на каждой полке,69.99,/upload/iblock/65e/65eb46e3d1393917b7a9308c09f06a8b.jpg,100.00,−30%,14 апреля,/promo/206071/
607dd19d2421870153551580,05 мая,"Джем Махеевъ, малиновый, 300 г",Скидки на каждой полке,69.99,/upload/iblock/1d3/1d3522779ad1397f47676ce6ff7aa710.jpg,100.00,−30%,08 апреля,/promo/204661/
607dd19d2421870153551581,20 апреля,"Наггетсы Золотой петушок, Традиционные, из мяса цыпленка, 300 г",1+1,72.90,/upload/iblock/e95/e950368f95413d2acaaa1687a5fd8382.jpg,145.80,145,14 апреля,/promo/205201/
607dd19d2421870153551582,20 апреля,"Наггетсы Золотой петушок, Традиционные, из мяса цыпленка, 300 г",1+1,72.90,/upload/iblock/7af/7af1cef932affe1d65f0fa06e56bc675.jpg,145.80,145,14 апреля,/promo/206111/
607dd19d2421870153551583,05 мая,"Сок J7, апельсиновый, 0,97 л",Скидки на каждой полке,74.99,/upload/iblock/bb5/bb5b3694a13f08a42915b046951db59c.jpg,166.6,−55%,08 апреля,/promo/204401/
607dd19d2421870153551584,20 апреля,"Сосиски Детям, 0,33 кг",1+1,79.90,/upload/iblock/7c6/7c60b2f62f865242ad64583cd206a1cb.jpg,159.80,159,14 апреля,/promo/206081/
607dd19d2421870153551585,20 апреля,"Сосиски Детям, 0,33 кг",1+1,79.90,/upload/iblock/a45/a45c977025c2e58d6083b9eb3b65dc00.jpg,159.80,159,14 апреля,/promo/205211/
607dd19d2421870153551586,20 апреля,"Лайм, 1 уп. (3 шт)",Свежее предложение,Not data,/upload/iblock/854/8544da7243430e6811e52ae004baf54c.jpg,Not data,79,14 апреля,/promo/205341/
607dd19d2421870153551587,05 мая,"Сок J7, яблочный, 0,97 л",Скидки на каждой полке,79.99,/upload/iblock/39a/39acec371519856203843087e7ca4379.jpg,159.98,−50%,08 апреля,/promo/202971/
607dd19d2421870153551588,20 апреля,"Редис, 1 уп. (500 г)",Свежее предложение,Not data,/upload/iblock/784/784acc4be37dcf6fa0462d41607004d8.jpg,Not data,83,14 апреля,/promo/205401/
607dd19d2421870153551589,05 мая,"Чай Ahmad Tea, чёрный, чабрец, 25 пакетиков",Скидки на каждой полке,84.99,/upload/iblock/e83/e837b04081ef02e17e2821297b810c92.jpg,110.4,−23%,08 апреля,/promo/204561/
607dd19d242187015355158a,20 апреля,"Напиток энергетический Adrenaline Rush, газированный, 0,449 л",Скидки на каждой полке,84.99,/upload/iblock/e3c/e3cbefa311301b0490a2d52fc73a8203.jpg,134.90,−37%,14 апреля,/promo/205111/
607dd19d242187015355158b,05 мая,"Мексиканская смесь Мираторг, Vитамин, 400 г",Скидки на каждой полке,84.99,/upload/iblock/d62/d620b1815d2f1eea810535fa31af83be.jpg,110.4,−23%,08 апреля,/promo/204671/
607dd19d242187015355158c,05 мая,"Тесто слоеное Цезарь, без дрожжевое, сливочное масло, 0,4 кг",Скидки на каждой полке,84.99,/upload/iblock/113/113273db330e0074a32709e4509aee6f.jpg,139.3,−39%,08 апреля,/promo/204691/
607dd19d242187015355158d,20 апреля,"Шпроты в масле, 160 г",Скидки на каждой полке,84.99,/upload/iblock/f47/f478fc7ddc35a511c24ab12f4d306727.jpg,121.40,−30%,14 апреля,/promo/206001/
607dd19d242187015355158e,20 апреля,"Шпроты в масле, 160 г",Скидки на каждой полке,84.99,/upload/iblock/e55/e5562c70ed8da503398ec5ca1a9b0681.jpg,121.40,−30%,14 апреля,/promo/205091/
607dd19d242187015355158f,05 мая,"Печенье Oreo, 228 г",Скидки на каждой полке,89.99,/upload/iblock/c93/c9301706802c937e660b9a3aac441dec.jpg,126.7,−29%,08 апреля,/promo/204631/
607dd19d2421870153551590,20 апреля,"Средство универсальное Domestos, ультра белый, 0,75 л",Скидки на каждой полке,89.99,/upload/iblock/f1b/f1b4f3cd254765dec1794fd8b47f485c.jpg,179.98,−50%,14 апреля,/promo/205981/
607dd19d2421870153551591,05 мая,"Бальзам ополаскиватель Schauma, 7 Трав, 200 мл",Скидки на каждой полке,89.99,/upload/iblock/2b8/2b82279daecbc808b233adf0a6a3a0bf.jpg,136.3,−34%,08 апреля,/promo/204521/
607dd19d2421870153551592,05 мая,"Нектар Любимый, яблоко, 1,93 л",Скидки на каждой полке,94.99,/upload/iblock/304/3047ce23dea30dfe2a9b2da7adafa230.jpg,141.80,−33%,08 апреля,/promo/203121/
607dd19d2421870153551593,30 апреля,"Таблетки Фолиевая кислота, 100 мг, 50 таблеток",Скидка,Not data,/upload/iblock/576/57646483324ed9e93fd92be3e5665a10.jpg,Not data,Not data,01 апреля,/promo/206491/
607dd19d2421870153551594,20 апреля,"Груши Вильямс/Пакхамс, 1 кг",Свежее предложение,Not data,/upload/iblock/8d5/8d550651d67dcb3136d648b28c520c95.jpg,Not data,99,14 апреля,/promo/205281/
607dd19d2421870153551595,20 апреля,"Яблоки красные, 1 кг",Свежее предложение,Not data,/upload/iblock/420/42078653f67faaeca570ca0895a8e3c4.jpg,Not data,99,14 апреля,/promo/207531/
607dd19d2421870153551596,20 апреля,"Яблоки красные, 1 кг",Свежее предложение,Not data,/upload/iblock/c52/c52018f494add57607b1da67e8c8443f.jpg,Not data,99,14 апреля,/promo/205481/
607dd19d2421870153551597,20 апреля,"Колбаса Вязанка, 0,5 кг",1+1,99.90,/upload/iblock/64f/64f730b7c989ba256ba892c4e79eb053.jpg,199.80,199,14 апреля,/promo/206091/
607dd19d2421870153551598,20 апреля,"Вешенки маринованные, 250 г",Свежее предложение,Not data,/upload/iblock/1fc/1fce40e6726007cb95ca175a471f489f.jpg,Not data,99,14 апреля,/promo/207111/
607dd19d2421870153551599,20 апреля,"Кондиционер для белья Lenor, Альпийские луга, 1 л",Скидки на каждой полке,99.99,/upload/iblock/1da/1da8eb568ee402c7b6c18c7e11ed7761.jpg,199.98,−50%,14 апреля,/promo/205131/
607dd19d242187015355159a,20 апреля,"Вешенки маринованные, 250 г",Свежее предложение,Not data,/upload/iblock/e64/e64e1e2a5cfedc20839830d9d98c0777.jpg,Not data,99,14 апреля,/promo/205251/
607dd19d242187015355159b,05 мая,"Конфеты Twix, Минис, 184 г",Скидки на каждой полке,99.99,/upload/iblock/6cd/6cdcdbd6c91cb578b28e4be937959910.jpg,161.30,−38%,08 апреля,/promo/203091/
607dd19d242187015355159c,20 апреля,"Кабачки, 1 кг",Свежее предложение,Not data,/upload/iblock/bca/bcaf19f32f63b82fcdf115d66f0980f5.jpg,Not data,104,14 апреля,/promo/207211/
607dd19d242187015355159d,20 апреля,"Кабачки, 1 кг",Свежее предложение,Not data,/upload/iblock/60f/60f3252cec1f0e89579655b7a1b9a5c6.jpg,Not data,104,14 апреля,/promo/205301/
607dd19d242187015355159e,20 апреля,"Огурцы Корнишоны, 1 уп. (300 г)",Свежее предложение,Not data,/upload/iblock/25b/25bf0bbae744173f1034e9a00dbae200.jpg,Not data,104,14 апреля,/promo/207391/
607dd19d242187015355159f,20 апреля,"Шампиньоны, 1 уп. (400 г)",Свежее предложение,Not data,/upload/iblock/e43/e43006888382a290b7a75d7a2bdffdb6.jpg,Not data,104,14 апреля,/promo/207481/
607dd19d24218701535515a0,20 апреля,"Огурцы Корнишоны, 1 уп. (300 г)",Свежее предложение,Not data,/upload/iblock/ba0/ba0bedecec5516a16b80b5b7d4fbe134.jpg,Not data,104,14 апреля,/promo/205361/
607dd19d24218701535515a1,20 апреля,"Шампиньоны, 1 уп. (400 г)",Свежее предложение,Not data,/upload/iblock/6c7/6c7e1398c93bcbb0a16267fcd4d403d2.jpg,Not data,104,14 апреля,/promo/205451/
607dd19d24218701535515a2,30 апреля,"Сироп Амбробене, со вкусом малины 100 мл, 15мг/5мл",Скидка,109.00,/upload/iblock/ca3/ca36164d3d808b2f7b4630763be1ff86.jpg,129.00,−15%,01 апреля,/promo/206521/
607dd19d24218701535515a3,05 мая,"Цветная капуста с морковью по-корейски, 300 г",Свежее предложение,Not data,/upload/iblock/a5f/a5ffdfb6bfbd0754874e09c41185c2f1.jpg,Not data,109,08 апреля,/promo/202601/
607dd19d24218701535515a4,20 апреля,"Нектар Добрый, деревенские яблочки, 2 л",Скидки на каждой полке,114.99,/upload/iblock/d53/d53e8464bbeec4f9a09682e2bec26997.jpg,198.30,−42%,14 апреля,/promo/205151/
607dd19d24218701535515a5,05 мая,"Майонез Ряба, Провансаль, 67 %, 744 г",Скидки на каждой полке,114.99,/upload/iblock/826/826383e833cbabe692777f75c16c7814.jpg,159.7,−28%,08 апреля,/promo/204681/
607dd19d24218701535515a6,30 апреля,"Таблетки Лоратадин-Тева, 10 мг, 7 таблеток",Скидка,119.00,/upload/iblock/ad8/ad8c9d43daedc47e477d3866a4991fa1.jpg,132.50,−10%,01 апреля,/promo/206761/
607dd19d24218701535515a7,05 мая,"Конфеты Подмосковные вечера, Ассорти, 200 г",Скидки на каждой полке,119.99,/upload/iblock/6da/6da7774bb6fa0eefb2b3f6d0e1fba16e.jpg,173.90,−31%,08 апреля,/promo/203131/
607dd19d24218701535515a8,20 апреля,"Набор конфет Родные просторы, фундук, 180 г",Скидки на каждой полке,119.99,/upload/iblock/ff7/ff71f149295933417b19158b5d392858.jpg,239.98,−50%,14 апреля,/promo/205171/
607dd19d24218701535515a9,05 мая,"Конфеты Milka, из молочного шоколада, с ореховой начинкой, 110 г",Скидки на каждой полке,119.99,/upload/iblock/03c/03c5719ad827c99bfe0cb5c79e71c5d9.jpg,210.5,−43%,08 апреля,/promo/204611/
607dd19d24218701535515aa,30 апреля,"Капли глазные Тауфон, флакон/капельница, 4 %, 10 мл",Скидка,125.00,/upload/iblock/3a7/3a72db2889f72f39bbdb2cb6accc413f.jpg,139.00,−10%,01 апреля,/promo/206941/
607dd19d24218701535515ab,30 апреля,"Таблетки Супрастин, 25 мг, 20 таблеток",Скидка,129.00,/upload/iblock/4d4/4d425cc31ec1308b6bec5d6a3353ebbd.jpg,144.00,−10%,01 апреля,/promo/206931/
607dd19d24218701535515ac,20 апреля,"Бальзам для волос Fructis Sos, восстановление, 387 мл",Скидки на каждой полке,129.99,/upload/iblock/06a/06afdbe5a036c4c8b698a1ff52c318a3.jpg,220.30,−41%,14 апреля,/promo/205951/
607dd19d24218701535515ad,05 мая,"Чипсы Pringles, паприка, 165 г",Скидки на каждой полке,129.99,/upload/iblock/332/3322924501c42001784a098ae83d1ae1.jpg,200.00,−35%,08 апреля,/promo/204411/
607dd19d24218701535515ae,20 апреля,"Колбаса Бородинская, мини, 300 г",Скидки на каждой полке,129.99,/upload/iblock/77e/77e7a13fc346253cae922dfdad5497cf.jpg,259.98,−50%,14 апреля,/promo/205181/
607dd19d24218701535515af,05 мая,"Чипсы Pringles, сыр, 165 г",Скидки на каждой полке,129.99,/upload/iblock/78e/78efa523f019e52bce1d08c83368f4ab.jpg,203.10,−36%,08 апреля,/promo/202981/
607dd19d24218701535515b0,20 апреля,"Ветчина по-черкизовски, 0,5 кг",Скидки на каждой полке,129.99,/upload/iblock/5b4/5b41c29340052b893298e775f89f196e.jpg,295.90,−50%,14 апреля,/promo/208071/
607dd19d24218701535515b1,20 апреля,"Ветчина по-черкизовски, 0,5 кг",Скидки на каждой полке,129.99,/upload/iblock/a9b/a9bb6d8702989271e0a8e2f16e6ef3ad.jpg,295.90,−50%,14 апреля,/promo/208091/
607dd19d24218701535515b2,30 апреля,"Порошок Глицинум, 30 стиков по 1 г",Скидка,Not data,/upload/iblock/9a5/9a5b4a64de0fd57dc025735497419e2b.jpg,Not data,Not data,01 апреля,/promo/206281/
607dd19d24218701535515b3,30 апреля,"Гель Диклофарм, для наружного применения, 1 %, 50 г",Скидка,Not data,/upload/iblock/397/3973be98eedc51002a57c72c27adf937.jpg,Not data,Not data,01 апреля,/promo/206301/
607dd19d24218701535515b4,30 апреля,"Таблетки Амброксол, 30 мг, 20 таблеток",Скидка,Not data,/upload/iblock/cd7/cd719927746fcfda6af97ae50431b01c.jpg,Not data,Not data,01 апреля,/promo/206181/
607dd19d24218701535515b5,20 апреля,"Чай Lipton Earl Grey, 100 пакетиков",Скидки на каждой полке,139.99,/upload/iblock/b29/b29190385ded127feadf67ab0adc5284.jpg,279.98,−50%,14 апреля,/promo/206041/
607dd19d24218701535515b6,20 апреля,"Чай Lipton Earl Grey, 100 пакетиков",Скидки на каждой полке,139.99,/upload/iblock/417/417d24e838e0825474f019eabee1cdc9.jpg,279.98,−50%,14 апреля,/promo/205141/
607dd19d24218701535515b7,30 апреля,"Таблетки Компливит Кальций Д 3, вкус апельсина, 500 мг + 200 МЕ, 30 таблеток",Скидка,149.00,/upload/iblock/814/8142902b07ee259072c4beabda8fb3e4.jpg,166.00,−10%,01 апреля,/promo/206701/
607dd19d24218701535515b8,20 апреля,"Сыр Hochland, плавленый, сливочный, 55 %, 400 г",Скидки на каждой полке,149.99,/upload/iblock/6a6/6a6bc5195c54856a36f3e5c372c9d95f.jpg,217.40,−31%,14 апреля,/promo/205961/
607dd19d24218701535515b9,20 апреля,"Сыр Hochland, плавленый, сливочный, 55 %, 400 г",Скидки на каждой полке,149.99,/upload/iblock/abc/abc6f17661684a8a21e5b41b84cbf58f.jpg,217.40,−31%,14 апреля,/promo/205041/
607dd19d24218701535515ba,05 мая,"Шампунь Gliss Kur, Безупречно длинные, 400 мл",Скидки на каждой полке,149.99,/upload/iblock/427/42783147648067ae889a674bd1e2a1da.jpg,254.2,−41%,08 апреля,/promo/204511/
607dd19d24218701535515bb,20 апреля,"Жидкое средство для стирки Ariel Color, 1,04 л",Скидки на каждой полке,149.99,/upload/iblock/f60/f60bcd4eca9a01b43f65ef13c49b928c.jpg,517.20,−71%,14 апреля,/promo/205941/
607dd19d24218701535515bc,30 апреля,"Спрей Отривин, назальный, 0,05 %, 10 мл",Скидка,155.00,/upload/iblock/f74/f742da4d0c8c08483b7057643ff82287.jpg,173.00,−10%,01 апреля,/promo/206881/
607dd19d24218701535515bd,05 мая,"Туалетная бумага Zewa Plus, 2 слоя, 12 рулонов",Скидки на каждой полке,159.99,/upload/iblock/624/624dc4db1612021ca869b2fdf5a36228.jpg,225.3,−29%,08 апреля,/promo/204551/
607dd19d24218701535515be,05 мая,"Лак для волос Taft, Senso-Touch, объем, 225 мл",Скидки на каждой полке,159.99,/upload/iblock/1c2/1c27efc7a621760ac2886e8c9f2ee7b5.jpg,258.00,−38%,08 апреля,/promo/204541/
607dd19d24218701535515bf,05 мая,"Дезодорант Nivea, спрей, невидимый черно/белый, мужской, 150 мл",Скидки на каждой полке,164.99,/upload/iblock/6c5/6c5dccbad11bb0e24225fbe2c919f4d6.jpg,261.90,−37%,08 апреля,/promo/203061/
607dd19d24218701535515c0,30 апреля,"Таблетки Парацитолгин, 400 мг + 325 мг, 10 таблеток",Скидка,Not data,/upload/iblock/4f4/4f46609a24b1df47cb26f82679439560.jpg,Not data,Not data,01 апреля,/promo/206381/
607dd19d24218701535515c1,30 апреля,"Таблетки для рассасывания Звездочка, апельсин, 2,4 г, 18 шт",Скидка,165.00,/upload/iblock/20d/20d475688c05fbc452ed64f292e6ce56.jpg,207.00,−20%,01 апреля,/promo/206641/
607dd19d24218701535515c2,30 апреля,"Таблетки Звездочка, прополис со вкусом меда и лимона, 18 таблеток",Скидка,169.00,/upload/iblock/4a9/4a9ea6901ef266e2d2b4381877cf9179.jpg,212.00,−20%,01 апреля,/promo/206661/
607dd19d24218701535515c3,30 апреля,"Мультивитамин Haas, шипучий витамин апельсин, 80г (Pez)",Скидка,Not data,/upload/iblock/125/1252668a96a24a3788eb8c502810e600.jpg,Not data,Not data,01 апреля,/promo/206141/
607dd19d24218701535515c4,30 апреля,"Витамин С Haas, 20 таблеток, апельсин, 4 г",Скидка,Not data,/upload/iblock/0f0/0f0a40db32a1a434df4b7af319273c5e.jpg,Not data,Not data,01 апреля,/promo/206131/
607dd19d24218701535515c5,05 мая,"Дезодорант Axe Excite, мужской, 150 мл",Скидки на каждой полке,169.99,/upload/iblock/198/198dc2ccde0bf1fe5f2e5b4e523ef48c.jpg,288.10,−41%,08 апреля,/promo/203001/
607dd19d24218701535515c6,05 мая,"Кондиционер для белья Vernel, Свежий бриз, 1,82 л",Скидки на каждой полке,169.99,/upload/iblock/f10/f10d816912c5dcf23c29de0a5f049a87.jpg,386.3,−56%,08 апреля,/promo/204441/
607dd19d24218701535515c7,05 мая,"Гель для стирки Ласка, для белого, 1 л",Скидки на каждой полке,169.99,/upload/iblock/12c/12c2f1085f27f64b4326afe82ca9fcef.jpg,386.3,−56%,08 апреля,/promo/204451/
607dd19d24218701535515c8,05 мая,"Сливки Домик в деревне, 33 %, 480 г",Скидки на каждой полке,174.99,/upload/iblock/b5f/b5f78a8d7bf03b8c9d47c2f26d4f7dc0.jpg,236.5,−26%,08 апреля,/promo/204651/
607dd19d24218701535515c9,30 апреля,"Раствор Бетадин Повидон-йод, 10 %, 30 мл",Скидка,175.00,/upload/iblock/9a0/9a0d985b44511d691cca3f2ec380d5de.jpg,194.50,−10%,01 апреля,/promo/206571/
607dd19d24218701535515ca,05 мая,"Блок для унитаза Bref, цветочная свежесть, 2х50 г",Скидки на каждой полке,177.99,/upload/iblock/6b4/6b41be893f855d5503ef087456bee517.jpg,335.8,−47%,08 апреля,/promo/204471/
607dd19d24218701535515cb,30 апреля,"Таблетки для рассасывания Звездочка, ментол/эвкалипт, 18 шт ",Скидка,185.00,/upload/iblock/5eb/5eb918fa1d66420eb5b5e8b163413530.jpg,232.00,−20%,01 апреля,/promo/206651/
607dd19d24218701535515cc,30 апреля,"Таблетки Тромбитал 75мг+15, 20 мг, 100 шт ",Скидка,Not data,/upload/iblock/512/512a4ce7897ee186172b31d45e30fd30.jpg,Not data,Not data,01 апреля,/promo/206471/
607dd19d24218701535515cd,30 апреля,"Таблетки Компливит, 60 таблеток (М)",Скидка,189.00,/upload/iblock/63c/63c543843a9d81efff4cff536389813a.jpg,211.00,−10%,01 апреля,/promo/206681/
607dd19d24218701535515ce,05 мая,"Мороженое Экzo, черника/ежевика, ведро, 0,52 кг",Скидки на каждой полке,194.99,/upload/iblock/531/531ffc030dcb113b921db561161be89b.jpg,278.6,−30%,08 апреля,/promo/204701/
607dd19d24218701535515cf,20 апреля,"Томаты розовые, 1 уп. (700 г)",Свежее предложение,Not data,/upload/iblock/909/90926c99a0159f4c8983960ef79547dd.jpg,Not data,194,14 апреля,/promo/207431/
607dd19d24218701535515d0,20 апреля,"Томаты розовые, 1 уп. (700 г)",Свежее предложение,Not data,/upload/iblock/6ab/6abea37364cf8000adf7de9032c7815d.jpg,Not data,194,14 апреля,/promo/205421/
607dd19d24218701535515d1,30 апреля,"Капсулы Нурофен Экспресс Форте, 400 мг, 10 капсул",Скидка,195.00,/upload/iblock/f19/f19a6ce78a62a709cb748f599d98cc0a.jpg,218.70,−10%,01 апреля,/promo/206851/
607dd19d24218701535515d2,30 апреля,"Таблетки Пенталгин, 24 таблетки",Скидка,199.00,/upload/iblock/081/081de32c4875492dacd1311f9f141a67.jpg,222.00,−10%,01 апреля,/promo/206911/
607dd19d24218701535515d3,30 апреля,"Сироп Омнитус 0,8 мг/мл, 200 мл (в комплекте с ложкой мерной)",Скидка,199.00,/upload/iblock/cc4/cc41b9c17140a71d8892792ae1bccf94.jpg,235.00,−15%,01 апреля,/promo/206861/
607dd19d24218701535515d4,05 мая,"Кондиционер для белья Lenor, миндальное масло, 2 л ",Скидки на каждой полке,199.99,/upload/iblock/f80/f8081f4698bcc4bb01ae8e3c08a46060.jpg,416.60,−52%,08 апреля,/promo/203041/
607dd19d24218701535515d5,05 мая,"Гель для стирки Bimax, для цветного белья, 20 стирок",Скидки на каждой полке,199.99,/upload/iblock/33d/33dc1b692c4d52dcfccbc69eb5feaba9.jpg,476.20,−58%,08 апреля,/promo/203011/
607dd19d24218701535515d6,20 апреля,"Капсулы для стирки Persil Duo-caps, свежесть от Vernel 360, 14 шт",Скидки на каждой полке,199.99,/upload/iblock/7d7/7d7da15870d891d167a1ea192c7b33d2.jpg,625.00,−68%,14 апреля,/promo/205051/
607dd19d24218701535515d7,05 мая,"Решетка-гриль, универсальная, плоская, 50*34",Скидки на каждой полке,199.99,/upload/iblock/ee6/ee6c4847fa7a53d8d5235eb49bb9880f.jpg,339.99,−41%,08 апреля,/promo/202991/
607dd19d24218701535515d8,20 апреля,"Набор для ухи из лосося, полуфабрикат из замороженного сырья, 1 кг",Скидки на каждой полке,Not data,/upload/iblock/3b9/3b99c0fcfc7570e6f21518b6335d7992.jpg,Not data,199,14 апреля,/promo/207671/
607dd19d24218701535515d9,20 апреля,"Тушка Кальмара, неочищенная, 1 кг",Скидки на каждой полке,Not data,/upload/iblock/0df/0df6548e8132d02bbce1d5ac84a2118d.jpg,Not data,199,14 апреля,/promo/207591/
607dd19d24218701535515da,20 апреля,"Голень куриная, в маринаде «Средиземноморский», охлажденная, 1 кг",Скидки на каждой полке,Not data,/upload/iblock/806/806fee7028c37d383db50136c80c8c63.jpg,Not data,199,14 апреля,/promo/207601/
607dd19d24218701535515db,30 апреля,"Капсула Флюкостат, 150 мг",Скидка,205.00,/upload/iblock/da3/da34768b890122c59f2ce1477061cdd4.jpg,228.00,−10%,01 апреля,/promo/207011/
607dd19d24218701535515dc,30 апреля,"Спрей Оксифрин 11,25 мкг/доза, 15 мл",Скидка,Not data,/upload/iblock/53e/53e9be1f7b8f2325ef10630a3934e6e9.jpg,Not data,Not data,01 апреля,/promo/206361/
607dd19d24218701535515dd,30 апреля,"Спрей Оксифрин, 22,5 мкг/доза,  15 мл",Скидка,Not data,/upload/iblock/3ca/3ca52858e3e6625fc616fadfc48a9ba2.jpg,Not data,Not data,01 апреля,/promo/206371/
607dd19d24218701535515de,30 апреля,"Капли Аквадетрим, 15 т. МЕ/мл, 10 мл",Скидка,Not data,/upload/iblock/206/206abec6fb6c8c69e9e44502e3affa7d.jpg,Not data,Not data,01 апреля,/promo/206151/
607dd19d24218701535515df,30 апреля,"Порошок для раствора Простудокс, 5 г, 5 пакетов",Скидка,Not data,/upload/iblock/73b/73b85e575bd9f1cc675ff86dbb98a0bd.jpg,Not data,Not data,01 апреля,/promo/206411/
607dd19d24218701535515e0,30 апреля,"Таблетки Компливит Кальций Д 3 Форте, мятные, 500 мг + 400 МЕ, 30 таблеток ",Скидка,229.00,/upload/iblock/30a/30a5914a060d1500520d36bd22f2cb4c.jpg,255.00,−10%,01 апреля,/promo/206711/
607dd19d24218701535515e1,20 апреля,"Баклажаны, 1 кг",Свежее предложение,Not data,/upload/iblock/7e1/7e190912e46e8a3af881df878fad11a7.jpg,Not data,229,14 апреля,/promo/205231/
607dd19d24218701535515e2,20 апреля,"Камбала без головы, полуфабрикат из замороженного сырья, 1 кг",Скидки на каждой полке,Not data,/upload/iblock/d67/d67d544c7268723deae24803fd37435d.jpg,Not data,229,14 апреля,/promo/207661/
607dd19d24218701535515e3,05 мая,"Вино Abrau Light, белое, полусладкое, 0,75 л",Скидки на каждой полке,229.99,/upload/iblock/ef9/ef924e7eaa347c3aa23f9b21c4cfd34c.jpg,371.00,−38%,08 апреля,/promo/202201/
607dd19d24218701535515e4,20 апреля,"Лопатка свиная без кости, 1 кг",Скидки на каждой полке,Not data,/upload/iblock/e70/e700ff8b93936900565156c3fe1baad4.jpg,Not data,239,14 апреля,/promo/207771/
607dd19d24218701535515e5,20 апреля,"Шашлык из свинины, в маринаде «Французский сад», 1 кг",Скидки на каждой полке,Not data,/upload/iblock/fa7/fa7fc4f04ef4e54f6ede2d3e056d18c1.jpg,Not data,239,14 апреля,/promo/207821/
607dd19d24218701535515e6,30 апреля,"Спрей назальный с ароматом ментола 0,05%, 10 мл ",Скидка,249.00,/upload/iblock/bf0/bf079bb31d0e66a3e2b278c522efd6f4.jpg,278.00,−10%,01 апреля,/promo/206901/
607dd19d24218701535515e7,30 апреля,"Таблетки Витамин С, 900 мг, 20 таблеток",Скидка,Not data,/upload/iblock/a97/a97d92a8d9850968ceb3a39fd8f8398f.jpg,Not data,Not data,01 апреля,/promo/206251/
607dd19d24218701535515e8,05 мая,"Вино Абрау Купаж, темное, красное, сухое, 0,75 л",Скидки на каждой полке,249.99,/upload/iblock/e25/e2526b9f3b446f5d66cb9fbf4510f5fe.jpg,367.60,−32%,08 апреля,/promo/202001/
607dd19d24218701535515e9,05 мая,"Решетка-гриль, универсальная, глубокая, 58*31",Скидки на каждой полке,249.99,/upload/iblock/e01/e01fb0f2edc710ae94ae6d229bb106c2.jpg,449.99,−44%,08 апреля,/promo/204421/
607dd19d24218701535515ea,20 апреля,"Купаты «Пикничок», 1 кг",Скидки на каждой полке,Not data,/upload/iblock/529/529b39342fee373de76f5b0f5f5e4398.jpg,Not data,249,14 апреля,/promo/207791/
607dd19d24218701535515eb,20 апреля,"Водка Shustoff Premium Gold, 40 %, 0,5 л",Скидки на каждой полке,259.99,/upload/iblock/648/6483b6e02dd9cf029c971fcdc8912835.jpg,337.60,−23%,14 апреля,/promo/204991/
607dd19d24218701535515ec,20 апреля,"Водка Shustoff Premium Gold, 40 %, 0,5 л",Скидки на каждой полке,259.99,/upload/iblock/367/367350b30232c54e8c0a1a2592d94f0e.jpg,337.60,−23%,14 апреля,/promo/205731/
607dd19d24218701535515ed,20 апреля,"Коньяк КиНовский, 3 года, 40 %, 0,25 л",Скидки на каждой полке,259.99,/upload/iblock/1d9/1d998fcb723b932371d9d17e5182f621.jpg,317.10,−18%,14 апреля,/promo/205891/
607dd19d24218701535515ee,30 апреля,"Гель Метрогил Дента, 20 г",Скидка,265.00,/upload/iblock/0e8/0e86a56a9639c9db7658cde5f5032e3d.jpg,332.00,−20%,01 апреля,/promo/206781/
607dd19d24218701535515ef,30 апреля,"Капсулы Фитобаланс, 720 мг ",Скидка,269.00,/upload/iblock/20c/20c8c67143d874851364e8f8b794242b.jpg,337.00,−20%,01 апреля,/promo/206991/
607dd19d24218701535515f0,05 мая,"Вино Вранац, красное, сухое, 1 л",Скидки на каждой полке,269.99,/upload/iblock/c77/c770f7113b68df249c5eb376918533f8.jpg,360.00,−25%,08 апреля,/promo/202281/
607dd19d24218701535515f1,05 мая,"Водка Drink House Deluxe, 40 %, 0,5 л",Скидки на каждой полке,269.99,/upload/iblock/822/8227ba4cb87558c6982eb413fdc79ab4.jpg,341.80,−21%,08 апреля,/promo/202321/
607dd19d24218701535515f2,20 апреля,"Фарш Домашний, натуральный, 1 кг",Скидки на каждой полке,Not data,/upload/iblock/b79/b79c7845f9dcafb5eeb1a534f362bd0e.jpg,Not data,269,14 апреля,/promo/207801/
607dd19d24218701535515f3,30 апреля,"Таблетки Дексонал, 25 мг, 10 шт",Скидка,279.00,/upload/iblock/dde/dde8cf18c7f84d82df938d1dfdbeb9da.jpg,311.00,−10%,01 апреля,/promo/206621/
607dd19d24218701535515f4,20 апреля,"Водка Талка, Сибирский Кедр, 40 %, 0,5 л",Скидки на каждой полке,279.99,/upload/iblock/ebe/ebee348408e74bbe4e9bc8a2fd054335.jpg,359.00,−22%,14 апреля,/promo/205771/
607dd19d24218701535515f5,20 апреля,"Водка Талка, Сибирский Кедр, 40 %, 0,5 л",Скидки на каждой полке,279.99,/upload/iblock/537/537d42765bc937e7b0f988f4e233d7f7.jpg,359.00,−22%,14 апреля,/promo/205001/
607dd19d24218701535515f6,30 апреля,"Таблетки для рассасывания Гастал, 30 таблеток",Скидка,295.00,/upload/iblock/55d/55deb30be0f9549d6a3eee1b24aa5fad.jpg,369.00,−20%,01 апреля,/promo/206591/
607dd19d24218701535515f7,30 апреля,"Капсулы Креон 10 000, 20 шт",Скидка,299.00,/upload/iblock/155/15510478026885c9241e7122786fdfe6.jpg,352.00,−15%,01 апреля,/promo/206741/
607dd19d24218701535515f8,30 апреля,"Таблетки Тауфон Табс Лютеин, 30 таблеток",Скидка,299.00,/upload/iblock/e1d/e1d5141fa6b575081539854a60a8e26b.jpg,335.00,−10%,01 апреля,/promo/206951/
607dd19d24218701535515f9,20 апреля,"Кофе Jacobs Monarch, натуральный, сублимированный, 240 г",Скидки на каждой полке,299.99,/upload/iblock/7e6/7e65577e2bce67d4678709f50ec9f8f1.jpg,566.00,−47%,14 апреля,/promo/205121/
607dd19d24218701535515fa,20 апреля,"Кофе Jacobs Monarch, натуральный, сублимированный, 240 г",Скидки на каждой полке,299.99,/upload/iblock/727/7275d6caf30dad59338fc1f99891789e.jpg,599.98,−50%,14 апреля,/promo/206031/
607dd19d24218701535515fb,20 апреля,"Язык свиной для варки, полуфабрикат из замороженного сырья, 1 кг",Скидки на каждой полке,Not data,/upload/iblock/a60/a60b575af6a63939c6aca843afb73684.jpg,Not data,299,14 апреля,/promo/207831/
607dd19d24218701535515fc,20 апреля,"Водка Хаски, 40 %, 0,5 л",Скидки на каждой полке,299.99,/upload/iblock/fbf/fbfadc68ad7dfec673839a454f30077b.jpg,410.90,−27%,14 апреля,/promo/205851/
607dd19d24218701535515fd,30 апреля,"Раствор Бетадин Повидон-йод, 10 %, 120 мл",Скидка,319.00,/upload/iblock/931/931e10a122051d0dd8afb54c8df2eae1.jpg,355.00,−10%,01 апреля,/promo/206561/
607dd19d24218701535515fe,30 апреля,"Таблетки Арбидол, 50 мг, 20 шт ",Скидка,319.00,/upload/iblock/c2a/c2a71c1974fe93e7c700179737b481a0.jpg,355.00,−10%,01 апреля,/promo/206541/
607dd19d24218701535515ff,20 апреля,"Вырезка свиная, охлажденная, 1 кг",Скидки на каждой полке,Not data,/upload/iblock/19d/19d67b311b395f27c2458589418acd12.jpg,Not data,319,14 апреля,/promo/207721/
607dd19d2421870153551600,05 мая,"Вино Авторское Каберне-Саперави, красное, сухое, 0,75 л",Скидки на каждой полке,319.99,/upload/iblock/509/509bc64f7d156d7c8069af3081fc7805.jpg,421.00,−24%,08 апреля,/promo/202011/
607dd19d2421870153551601,05 мая,"Вино Авторское Каберне-Саперави, красное, сухое, 0,75 л",Скидки на каждой полке,319.99,/upload/iblock/791/791f12d9bd415db1e5c0be5726c32974.jpg,421.00,−24%,08 апреля,/promo/202241/
607dd19d2421870153551602,30 апреля,"Порошок Простудокс, лимонный, 5 г, 10 пакетиков",Скидка,Not data,/upload/iblock/3ef/3efecb61331442c5f36441419bcee4d2.jpg,Not data,Not data,01 апреля,/promo/206401/
607dd19d2421870153551603,05 мая,"Водка Крещенская, 40 %, 0,5 л",Скидки на каждой полке,329.99,/upload/iblock/678/678c3be445e50c4558bef21c51906c66.jpg,500.00,−34%,08 апреля,/promo/202051/
607dd19d2421870153551604,30 апреля,"Таблетки для рассасывания Септолете тотал, 3 мг+1 мг, 16 таблеток",Скидка,Not data,/upload/iblock/766/766dea3052b0048de9abccc074649910.jpg,Not data,Not data,01 апреля,/promo/206421/
607dd19d2421870153551605,30 апреля,"Таблетки для рассасывания Септолете Тотал, мед-лимон, 16 шт",Скидка,Not data,/upload/iblock/9aa/9aab9369e6486f3a911af5e875b618eb.jpg,Not data,Not data,01 апреля,/promo/206441/
607dd19d2421870153551606,30 апреля,"Септолете Тотал лимон бузина, 3мг+1мг, 16 таблеток",Скидка,Not data,/upload/iblock/86b/86b3ffab1b9f0aa25f98715ea43c87f5.jpg,Not data,Not data,01 апреля,/promo/206431/
607dd19d2421870153551607,30 апреля,"Капли ушные Отипакс, 10 мг/г + 40 мг/г, 16 г",Скидка,345.00,/upload/iblock/7d4/7d462d5df17fc22149e040a25dbeb12a.jpg,406.00,−15%,01 апреля,/promo/206871/
607dd19d2421870153551608,30 апреля,"Слабительное средство Микролакс, 4 микроклизмы, 5 мл",Скидка,349.00,/upload/iblock/4bb/4bb0e5e2bea855d3aac6bc5fc9e3a856.jpg,437.00,−20%,01 апреля,/promo/206821/
607dd19d2421870153551609,05 мая,"Масло Оливковое Filippo Berio EV, 0,5 л",Скидки на каждой полке,349.99,/upload/iblock/ffe/ffed17d312e3f92b362e870d7ecff707.jpg,555.5,−37%,08 апреля,/promo/204571/
607dd19d242187015355160a,30 апреля,"Капсулы Аципол, 30 капсул ",Скидка,369.00,/upload/iblock/c71/c71c3e4c7b7629f818e8d8afd9ee50e5.jpg,411.00,−10%,01 апреля,/promo/206551/
607dd19d242187015355160b,30 апреля,"Жевательные таблетки Компливит Кальций Д3, 500мг+200МЕ, 100 шт ",Скидка,369.00,/upload/iblock/122/122a903e52ef0537f8632590a1ce5512.jpg,410.00,−10%,01 апреля,/promo/206691/
607dd19d242187015355160c,30 апреля,"Аспиратор назальный Отривин Бэби, с 3 сменными насадками",Скидка,375.00,/upload/iblock/e86/e862dd177e6dc2608e668cdfcf116ae2.jpg,418.00,−10%,01 апреля,/promo/206891/
607dd19d242187015355160d,20 апреля,"Вино Castillo Santa Barbara, Робле, красное, сухое, 0,75 л",Скидки на каждой полке,379.99,/upload/iblock/4d5/4d5d238792172a1d438e70f47f1e65ac.jpg,500.00,−24%,14 апреля,/promo/205611/
607dd19d242187015355160e,20 апреля,"Шашлык из индейки, «Трюфельный», 1 кг",Скидки на каждой полке,Not data,/upload/iblock/907/9074c4b6e988b58d5c459a0ac0e7f627.jpg,Not data,379,14 апреля,/promo/207811/
607dd19d242187015355160f,30 апреля,"Микролакс, 4 микроклизмы по 5 мл",Скидка,385.00,/upload/iblock/f0e/f0ee6c6df39ffb371cc6030a43160f57.jpg,482.00,−20%,01 апреля,/promo/207581/
607dd19d2421870153551610,30 апреля,"Крем Микодерил, 1 %, 15 г",Скидка,385.00,/upload/iblock/17a/17a4226ec9d1d508f52c796b739056ee.jpg,430.00,−10%,01 апреля,/promo/206801/
607dd19d2421870153551611,05 мая,"Водка Талка, 40 %, 0,7 л",Скидки на каждой полке,399.99,/upload/iblock/390/390773344e366ac2809a996a19fd6eb6.jpg,487.80,−18%,08 апреля,/promo/202361/
607dd19d2421870153551612,20 апреля,"Вино Лыхны, красное, полусладкое, 0,75 л",Скидки на каждой полке,419.99,/upload/iblock/0a1/0a1dc28719bb13a7df3cea0b591943b5.jpg,666.70,−37%,14 апреля,/promo/204971/
607dd19d2421870153551613,20 апреля,"Вино Лыхны, белое, полусладкое, 0,75 л",Скидки на каждой полке,419.99,/upload/iblock/10b/10b37345e30f99fa67d48cbd141ad910.jpg,666.70,−37%,14 апреля,/promo/204961/
607dd19d2421870153551614,20 апреля,"Вино Heninger, Рислинг, белое, полусухое, 0,75 л",Скидки на каждой полке,429.99,/upload/iblock/ba1/ba1d9adb55550431609dc8b6b39dc404.jpg,581.10,−26%,14 апреля,/promo/204951/
607dd19d2421870153551615,20 апреля,"Суповой набор из лосося, полуфабрикат из замороженного сырья, 1 кг",Скидки на каждой полке,Not data,/upload/iblock/b8a/b8a5583c76330291e5919b43024e83a5.jpg,Not data,429,14 апреля,/promo/207681/
607dd19d2421870153551616,30 апреля,"Таблетки Лактофильтрум, 500 мг, 60 шт",Скидка,435.00,/upload/iblock/446/446d58f9f391dc31331352c7d16fd373.jpg,484.00,−10%,01 апреля,/promo/206751/
607dd19d2421870153551617,30 апреля,"Капсулы КонтрДиар, 200 мг, 28 капсул",Скидка,439.00,/upload/iblock/37a/37ae35f528d81b421ef2f8c8dc74423c.jpg,492.00,−10%,01 апреля,/promo/206731/
607dd19d2421870153551618,30 апреля,"Капсулы Лактобаланс, 7 капсул",Скидка,Not data,/upload/iblock/2f6/2f609a5c7f879ff66eb3d32624fbcd63.jpg,Not data,Not data,01 апреля,/promo/206321/
607dd19d2421870153551619,30 апреля,"Таблетки Гомеострес, 40 таблеток",Скидка,Not data,/upload/iblock/92c/92c72dda857b92a89ae2501b41171031.jpg,Not data,Not data,01 апреля,/promo/206291/
607dd19d242187015355161a,30 апреля,"Гель Венарус, с охлаждающим эффектом, 2 %, 40 г",Скидка,Not data,/upload/iblock/db2/db26d6a821c70e233929159f4233b376.jpg,Not data,Not data,01 апреля,/promo/206241/
607dd19d242187015355161b,20 апреля,"Коньяк Фазерс Олд Баррель, 5 звезд, 40 %, 0,5 л",Скидки на каждой полке,449.99,/upload/iblock/057/05734f036c4e6ac8cc22d5494b08eae3.jpg,548.80,−18%,14 апреля,/promo/205021/
607dd19d242187015355161c,20 апреля,"Коньяк Фазерс Олд Баррель, 5 звезд, 40 %, 0,5 л",Скидки на каждой полке,449.99,/upload/iblock/f32/f32f6f06e6cb3f7bad997ef9a08e9d17.jpg,562.50,−20%,14 апреля,/promo/205811/
607dd19d242187015355161d,30 апреля,"Таблетки Аквадетрим, 500 МЕ, 60 таблеток ",Скидка,Not data,/upload/iblock/e81/e81defb326393a2ebeb93b484be67405.jpg,Not data,Not data,01 апреля,/promo/206161/
607dd19d242187015355161e,30 апреля,"Капсулы Бифицин, 10 капсул",Скидка,Not data,/upload/iblock/f53/f538223a452f6101e6527674ca5ddb3b.jpg,Not data,Not data,01 апреля,/promo/206201/
607dd19d242187015355161f,30 апреля,"Таблетки Компливит Сияние, 30 таблеток ",Скидка,459.00,/upload/iblock/435/4357a202967c350044b736ed550254a0.jpg,512.00,−10%,01 апреля,/promo/206721/
607dd19d2421870153551620,30 апреля,"Капсулы Стрессовит, 654 мг, 30 капсул",Скидка,465.00,/upload/iblock/5d0/5d0d2ee96bc723ff7bf846a5b5343c9a.jpg,548.00,−15%,01 апреля,/promo/206921/
607dd19d2421870153551621,30 апреля,"Капсулы 9 месяцев Омегамама, 30 капсул",Скидка,Not data,/upload/iblock/05e/05ea55b4887ce9ae64bc846a80617a34.jpg,Not data,Not data,01 апреля,/promo/206121/
607dd19d2421870153551622,20 апреля,"Вино Кахури Киндзмараули, красное, полусладкое, 0,75 л",Скидки на каждой полке,479.99,/upload/iblock/f10/f10de6a54d975563a104b4eaf228110b.jpg,640.00,−25%,14 апреля,/promo/205651/
607dd19d2421870153551623,30 апреля,"Капсулы Эссливер Форте, 50 капсул ",Скидка,489.00,/upload/iblock/ec7/ec7e6c1d193dce082b7ebe8e85bae62c.jpg,544.00,−10%,01 апреля,/promo/207021/
607dd19d2421870153551624,20 апреля,"Форель потрошеная, с головой, полуфабрикат из замороженного сырья, 1 кг",Скидки на каждой полке,Not data,/upload/iblock/06e/06ef2e438b6394494c1954dea0d3cdab.jpg,Not data,489,14 апреля,/promo/207701/
607dd19d2421870153551625,30 апреля,"Раствор Микодерил, 1 %, 10 мл",Скидка,495.00,/upload/iblock/573/57317550e4ae92ec032cf789782d5373.jpg,551.00,−10%,01 апреля,/promo/206791/
607dd19d2421870153551626,05 мая,"Гель для стирки Ariel, для цветных тканей, 1,95 л",Скидки на каждой полке,499.99,/upload/iblock/15c/15c63ce89d8cf7020b14b7b2d85d0845.jpg,806.4,−38%,08 апреля,/promo/204461/
607dd19d2421870153551627,05 мая,"Бренди Кизлярский, Марочный, 40 %, 0,5 л",Скидки на каждой полке,499.99,/upload/iblock/f63/f63826e292b4aa3c6c78b68ac84bc8c4.jpg,588.20,−15%,08 апреля,/promo/201991/
607dd19d2421870153551628,30 апреля,"Капсулы Арбидол, 100 мг",Скидка,529.00,/upload/iblock/058/05808d6bcb4f790faf95f435ec3a6529.jpg,588.00,−10%,01 апреля,/promo/206531/
607dd19d2421870153551629,05 мая,"Гель для стирки Persil Color, 40 стирок",Скидки на каждой полке,529.99,/upload/iblock/e4c/e4c8ca94cc7adc55964ccaa698b89ead.jpg,1204.5,−56%,08 апреля,/promo/204431/
607dd19d242187015355162a,30 апреля,"Капсулы Нейробаланс, Фитокомплекс с пассифлорой, 350 мг, 40 капсул",Скидка,Not data,/upload/iblock/714/71403a3564ecc456380306c9a8909171.jpg,Not data,Not data,01 апреля,/promo/206351/
607dd19d242187015355162b,30 апреля,"Пастилки жевательные Мини Доктор Энергия, 30 шт",Скидка,Not data,/upload/iblock/928/928c236318395f2d086f9c64a31a2982.jpg,Not data,Not data,01 апреля,/promo/206341/
607dd19d242187015355162c,30 апреля,"Гель Скиноклир, 15 %, 30 г",Скидка,Not data,/upload/iblock/849/84948f2d05100f711790b1d968cb8423.jpg,Not data,Not data,01 апреля,/promo/206451/
607dd19d242187015355162d,30 апреля,"Таблетки Аквадетрим, 500 МЕ, 90 таблеток",Скидка,Not data,/upload/iblock/0f3/0f36f17a38941fafe33ab4ba7a3ec5c1.jpg,Not data,Not data,01 апреля,/promo/206171/
607dd19d242187015355162e,30 апреля,"Таблетки Магнелис B6, 90 таблеток ",Скидка,615.00,/upload/iblock/02a/02a2be955920a7aeafc62a6bbb53b53d.jpg,684.00,−10%,01 апреля,/promo/206771/
607dd19d242187015355162f,30 апреля,"Крем Скиноклир, 20 %, 30 г",Скидка,Not data,/upload/iblock/f4b/f4b5fdfebdafc2133cb27680eebbb4a3.jpg,Not data,Not data,01 апреля,/promo/206461/
607dd19d2421870153551630,30 апреля,"Гель Венарус, с охлаждающим эффектом, 2 %, 100 г",Скидка,Not data,/upload/iblock/55f/55fc05f85648d1ddc117569dee330cae.jpg,Not data,Not data,01 апреля,/promo/206231/
607dd19d2421870153551631,30 апреля,"Таблетки Дюспаталин, 135 мг, 50 таблеток",Скидка,645.00,/upload/iblock/abd/abd9db11f36a5dbd3e95d874bff1d8f6.jpg,718.00,−10%,01 апреля,/promo/206631/
607dd19d2421870153551632,20 апреля,"'Виски William Lawson''s, 3 года, 40 %, 0,5 л'",Скидки на каждой полке,649.99,/upload/iblock/de8/de8e9bf54ea1653806eebd365305e2a7.jpg,844.10,−23%,14 апреля,/promo/205691/
607dd19d2421870153551633,30 апреля,Глюкометр Accu-Chek Active Kit,Скидка,669.00,/upload/iblock/ae8/ae86e16c61db3ce24cdc013895f08115.jpg,744.00,−10%,01 апреля,/promo/206611/
607dd19d2421870153551634,05 мая,"Коньяк Старейшина КВ, Российский, 7 лет, 40 %, 0,5 л",Скидки на каждой полке,699.99,/upload/iblock/070/0707f44135e954ad38b62f42372b3fe4.jpg,897.40,−22%,08 апреля,/promo/202061/
607dd19d2421870153551635,05 мая,"Коньяк Старый Кенигсберг, 4 года, 0,7 л, 40 %",Скидки на каждой полке,699.99,/upload/iblock/341/3412aeb487e1bd2e6b621381760fffcd.jpg,897.40,−22%,08 апреля,/promo/202441/
607dd19d2421870153551636,05 мая,"Коньяк Лезгинка КВ, Российский, 6 лет, 40 %, 0,5 л",Скидки на каждой полке,699.99,/upload/iblock/ab3/ab34fcc7d5caaa919618d4c7ae0619e5.jpg,875.00,−20%,08 апреля,/promo/202401/
607dd19d2421870153551637,30 апреля,"Таблетки Венарус, 500 мг, 30 таблеток",Скидка,Not data,/upload/iblock/14f/14fedcafb0ff91113c88270b3990cd0e.jpg,Not data,Not data,01 апреля,/promo/206211/
607dd19d2421870153551638,05 мая,"Водка Белуга, 40 %, 0,5 л",Скидки на каждой полке,799.99,/upload/iblock/cde/cde315f100da0147cf9d1c7ec48ea3af.jpg,1481.50,−46%,08 апреля,/promo/202041/
607dd19d2421870153551639,30 апреля,"Слабительное средство Микролакс микроклизма, 5 мл, 12 шт",Скидка,849.00,/upload/iblock/acc/acc372e67bd0abdab7c6514cdb80e267.jpg,1062.00,−20%,01 апреля,/promo/206831/
607dd19d242187015355163a,05 мая,"Коньяк Арарат, Армянский, 5 звезд, 40 %, 0,5 л",Скидки на каждой полке,849.99,/upload/iblock/ce2/ce2447bf9adbfa585c8d415a236a8617.jpg,1049.40,−19%,08 апреля,/promo/202161/
607dd19d242187015355163b,30 апреля,"Спрей Никоретте фруктово-мятный, мятный 1мг/доза 13,2 мл",Скидка,885.00,/upload/iblock/97c/97c7dd7b9128fe301c344c9f750d3c52.jpg,1108.00,−20%,01 апреля,/promo/206841/
607dd19d242187015355163c,05 мая,"Виски Fox & Dogs, купаж, 40 %, 1 л",Скидки на каждой полке,889.99,/upload/iblock/768/76856300638ad0de5699a93917ac9779.jpg,1171.00,−24%,08 апреля,/promo/202021/
607dd19d242187015355163d,30 апреля,"Таблетки Полиоксидоний, 12 мг, 10 таблеток",Скидка,Not data,/upload/iblock/646/64676314b0e80d504d63398a9abbfd38.jpg,Not data,Not data,01 апреля,/promo/206391/
607dd19d242187015355163e,20 апреля,"Филе лосося с кожей, полуфабрикат из замороженного сырья, 1 кг",Скидки на каждой полке,Not data,/upload/iblock/b64/b64979d450022cf5436320ce1de90b79.jpg,Not data,979,14 апреля,/promo/207691/
607dd19d242187015355163f,30 апреля,Тест-полоски Accu-Chek Active Strips ,Скидка,989.00,/upload/iblock/e1c/e1c7e958b46aee3930f83d875da31979.jpg,1101.00,−10%,01 апреля,/promo/206961/
607dd19d2421870153551640,05 мая,"Коньяк Старый Кенигсберг, 4 года, 40 %, 1 л",Скидки на каждой полке,989.99,/upload/iblock/432/4323ef821d6c5a3f069f5bb2df871ed6.jpg,1253.20,−21%,08 апреля,/promo/202071/
607dd19d2421870153551641,20 апреля,"Коньяк Старейшина, 3 года, 40 %, 1 л",Скидки на каждой полке,999.99,/upload/iblock/45c/45c464d8ee66a7d0bdae085234c932ca.jpg,1250.00,−20%,14 апреля,/promo/205011/
607dd19d2421870153551642,05 мая,"Виски Johnnie Walker, Red Label, купаж, 40 %, 0,7 л",Скидки на каждой полке,1069.99,/upload/iblock/af1/af152ae00b8fabea296ca3ceaad975fb.jpg,1426.70,−25%,08 апреля,/promo/202031/
607dd19d2421870153551643,30 апреля,"Тест-полоски Акку-Чек, Перформа, 50 шт",Скидка,1099.00,/upload/iblock/5d2/5d2a5bae5498241c04d48daad4d4fa25.jpg,1223.00,−10%,01 апреля,/promo/206511/
607dd19d2421870153551644,30 апреля,"Таблетки Флебавен, 50 мг, 64 таблетки",Скидка,Not data,/upload/iblock/9e0/9e0f8fcef7a8c4f4afc2b717fb3cc403.jpg,Not data,−15%,01 апреля,/promo/207001/
607dd19d2421870153551645,30 апреля,"Таблетки Венарус, 500 мг, 60 таблеток",Скидка,Not data,/upload/iblock/e07/e0706d751f12f5d8d9573a34fa7e74f4.jpg,Not data,Not data,01 апреля,/promo/206221/
607dd19d2421870153551646,30 апреля,"Таблетки Вука Вука, 550 мг, 60 шт",Скидка,1319.00,/upload/iblock/d3f/d3fa6a0842001e9e2d50250358f53e8c.jpg,1552.00,−15%,01 апреля,/promo/206581/
607dd19d2421870153551647,05 мая,"Текила Ольмека Белая, 38 %, 0,7 л",Скидки на каждой полке,1399.99,/upload/iblock/bae/bae4ee0087c76509afb90fa55e333f04.jpg,1707.30,−18%,08 апреля,/promo/202481/
607dd19d2421870153551648,20 апреля,"Виски Джонни Уокер Ред Лейбл, 40 %, 1 л",Скидки на каждой полке,1549.99,/upload/iblock/ae1/ae113538bd1207382b0c45d136fbd8f3.jpg,1987.20,−22%,14 апреля,/promo/204981/
607dd19d2421870153551649,30 апреля,"Тонометр Meditech Мt-30, Автомат, базовый, манжета 22-36 см",Скидка,1649.00,/upload/iblock/e1d/e1dc7d1914d2cebe6c0f67b975877fbc.jpg,1839.00,−10%,01 апреля,/promo/206501/
607dd19d242187015355164a,30 апреля,Тонометр UA-888 E автомат эконом (A&Dcompany),Скидка,1689.00,/upload/iblock/af1/af1a6b2679c2b4f5dd85cbeffb5de276.jpg,1878.00,−10%,01 апреля,/promo/206971/
607dd19d242187015355164b,30 апреля,"Таблетки Гептрал, 400 мг, 20 таблеток",Скидка,1719.00,/upload/iblock/4c9/4c9668af80dd5142c95dbfe7af209f14.jpg,1912.00,−10%,01 апреля,/promo/206601/
607dd19d242187015355164c,30 апреля,Тонометр UB-202 автомат для измерения давления на запястье,Скидка,2009.00,/upload/iblock/565/565f53fc098b27984b13e5f93780fb1e.jpg,2236.00,−10%,01 апреля,/promo/206981/
607dd19d242187015355164d,30 апреля,Ингалятор компрессорный CN-233,Скидка,2279.00,/upload/iblock/323/323dc79dbab1a684b49f0b9945ffc45d.jpg,2539.00,−10%,01 апреля,/promo/206671/
607dd19d242187015355164e,31 декабря,Скидка для пенсионеров,Скидка пенсионерам,Not data,/upload/iblock/d5a/d5aaac8be46bf7a2d462e313db27913c.jpg,Not data,Not data,01 января,/promo/144931/
607dd19d242187015355164f,31 декабря,Скидка для пенсионеров,Скидка пенсионерам,Not data,/upload/iblock/e04/e046abaf877f6e44b8ac7ed1bfc81bdf.jpg,Not data,Not data,01 января,/promo/176961/
607dd19d2421870153551650,31 декабря,Скидка для пенсионеров,Скидка пенсионерам,Not data,/upload/iblock/baa/baa524fa7091442f24016969463737c0.jpg,Not data,Not data,01 января,/promo/209561/
607dd19d2421870153551651,31 мая,Кружка Терафлю в подарок,Скидка,Not data,/upload/iblock/c4f/c4f2b9925892ade798927b43598b38ae.jpg,Not data,Not data,01 марта,/promo/198331/
607dd19d2421870153551652,30 апреля,"Творог Домик в деревне, 9 %, 170 г",Больше бонусов,Not data,/upload/iblock/a67/a67fcf37b0d3e9b2d012ccd86878a567.jpg,Not data,Not data,01 апреля,/promo/200791/
607dd19d2421870153551653,30 апреля,"Творог Домик в деревне, традиционный, 5 %, 170 г",Больше бонусов,Not data,/upload/iblock/ad0/ad052e5ab9df72a27652f09c1997925e.jpg,Not data,Not data,01 апреля,/promo/200801/
607dd19d2421870153551654,30 апреля,"Сок Фруктовый сад, яблоко/вишня/черноплодная рябина, 0,85 л",Больше бонусов,Not data,/upload/iblock/44c/44cb7b1a0b375730836d414855c544bd.jpg,Not data,Not data,01 апреля,/promo/200811/
607dd19d2421870153551655,30 апреля,"Сок Фруктовый сад, яблоко/нектарин/персик, 0,85 л",Больше бонусов,Not data,/upload/iblock/a88/a88ff1f99332b80468a7c01311c2157f.jpg,Not data,Not data,01 апреля,/promo/200821/
607dd19d2421870153551656,30 апреля,"Сок Фруктовый сад, яблочный, 0,85 л",Больше бонусов,Not data,/upload/iblock/26c/26c0d290cba4148ed1ef9a95e7a862d0.jpg,Not data,Not data,01 апреля,/promo/200831/
607dd19d2421870153551657,30 апреля,"Крем суп, протеин, томаты, 20 г",Больше бонусов,Not data,/upload/iblock/5fd/5fdd8006387ae1303b4186130f19cfda.jpg,Not data,Not data,01 апреля,/promo/201301/
607dd19d2421870153551658,30 апреля,"Творог Домик в деревне, 9 %, 170 г",Больше бонусов,Not data,/upload/iblock/8a9/8a93b6ce4799b8234d6a3428f7854aaf.jpg,Not data,Not data,01 апреля,/promo/201311/
607dd19d2421870153551659,30 апреля,"Творог Домик в деревне, традиционный, 5 %, 170 г",Больше бонусов,Not data,/upload/iblock/338/338a68336a9e186675f3734c35bae1a6.jpg,Not data,Not data,01 апреля,/promo/201321/
607dd19d242187015355165a,30 апреля,"Заменитель сахара Стевия Nature, жидкий, 80 г",Больше бонусов,Not data,/upload/iblock/242/24211a0f63ae08b3d46309a973bd199b.jpg,Not data,Not data,01 апреля,/promo/201331/
607dd19d242187015355165b,30 апреля,"Сок Фруктовый сад, яблоко/вишня/черноплодная рябина, 0,85 л",Больше бонусов,Not data,/upload/iblock/7c9/7c969620991eb272f04c69a96debed82.jpg,Not data,Not data,01 апреля,/promo/201351/
607dd19d242187015355165c,30 апреля,"Сок Фруктовый сад, яблоко/нектарин/персик, 0,85 л",Больше бонусов,Not data,/upload/iblock/de9/de9755e370c9e0bf26c600ce1501e11d.jpg,Not data,Not data,01 апреля,/promo/201361/
607dd19d242187015355165d,30 апреля,"Сок Фруктовый сад, яблочный, 0,85 л",Больше бонусов,Not data,/upload/iblock/43f/43f3a15baa20bea40701e72822ab81db.jpg,Not data,Not data,01 апреля,/promo/201371/
607dd19d242187015355165e,27 апреля,"Фруктоза Новасвит, 1000 г",Больше бонусов,Not data,/upload/iblock/ca7/ca762fef4a3b31cde30f58090b5fdd81.jpg,Not data,Not data,01 апреля,/promo/204341/
607dd19d242187015355165f,30 апреля,"Протеиновый крем-суп ""Bionova"" грибной, 20 г.",Больше бонусов,Not data,/upload/iblock/7b5/7b5232a313e57eff5415832b46d096c0.jpg,Not data,Not data,01 апреля,/promo/204351/
607dd19d2421870153551660,30 апреля,Бак-Сет форте/ Бак-Сет беби,Скидка,Not data,/upload/iblock/f9f/f9f3d15b54443afc5cfb19c13dd89039.jpg,Not data,Not data,01 апреля,/promo/206191/
607dd19d2421870153551661,30 апреля,"Таблетки Витапрост, 20 мг, 20 таблеток",Скидка,Not data,/upload/iblock/76b/76bf8b9bff623bca1918ad9d30fba26e.jpg,Not data,Not data,01 апреля,/promo/206261/
607dd19d2421870153551662,30 апреля,"Пластырь Вольтарен/ Эмульгель, в ассортименте",Скидка,Not data,/upload/iblock/add/add7f2c4ea42770e45b970fec5bb4686.jpg,Not data,Not data,01 апреля,/promo/206271/
607dd19d2421870153551663,30 апреля,"Носовые платочки Зева, трехслойные, Делюкс/ Кидс, 10 шт",Скидка,Not data,/upload/iblock/30c/30c130597a02c79c7db2da30584d2b69.jpg,Not data,Not data,01 апреля,/promo/206311/
607dd19d2421870153551664,30 апреля,Лекарственные травы ФармаЦвет,Скидка,Not data,/upload/iblock/529/5297c4a627ba23bfabfe206885cd25d7.jpg,Not data,−10%,01 апреля,/promo/206331/
607dd19d2421870153551665,30 апреля,"Гель Фенистил/ Эмульсия, в ассортименте",Скидка,Not data,/upload/iblock/15a/15a92c6f672a72b51b75cd2bc8617c52.jpg,Not data,−15%,01 апреля,/promo/206481/
607dd19d2421870153551666,20 апреля,"Сменный баллон Airwick, нежный шелк лилии/райские цветы/дикий гранат, 250 мл",День рождения Магнит,Not data,/upload/iblock/739/7395a60da22d8d758dfa657dfb28bd6b.jpg,Not data,Not data,04 апреля,/promo/187521/
607dd19d2421870153551667,20 апреля,"Кофе Ambassador Platinum, натуральный, зерновой, 250 г",День рождения Магнит,Not data,/upload/iblock/e1c/e1c4d276d2de4325a8db9d893d39e542.jpg,Not data,Not data,04 апреля,/promo/187531/
607dd19d2421870153551668,20 апреля,"Кофе Ambassador Platinum, натуральный, молотый, 250 г",День рождения Магнит,Not data,/upload/iblock/339/3392b25774f630681c71b79fdcccdb33.jpg,Not data,Not data,04 апреля,/promo/187541/
607dd19d2421870153551669,20 апреля,"Гель для мытья посуды Aos, бальзам/лимон, 450 г",День рождения Магнит,Not data,/upload/iblock/e73/e739f09feea9e570ca7815b2928f46ac.jpg,Not data,Not data,04 апреля,/promo/187551/
607dd19d242187015355166a,20 апреля,"Батончик Boom, карамель/печенье, 42 г",День рождения Магнит,Not data,/upload/iblock/065/065219acc6ab90e698007047bde90bd6.jpg,Not data,Not data,04 апреля,/promo/187561/
607dd19d242187015355166b,20 апреля,"Напиток Evervess, сильногазированный, 1 л",День рождения Магнит,Not data,/upload/iblock/bb3/bb388fe0643f362434d22264ca41a39d.jpg,Not data,Not data,04 апреля,/promo/187601/
607dd19d242187015355166c,20 апреля,"Энергетический напиток Gorilla, сильногазированный, 0,45 л",День рождения Магнит,Not data,/upload/iblock/c84/c8406c729ff6b6a59079afd0d0a576bb.jpg,Not data,Not data,04 апреля,/promo/187621/
607dd19d242187015355166d,20 апреля,"Пирожное Kinder Milk-Slice, 0,028 кг",День рождения Магнит,Not data,/upload/iblock/805/8057d5ade6bb1882f69c7d42950f8cce.jpg,Not data,Not data,04 апреля,/promo/187631/
607dd19d242187015355166e,20 апреля,"Чипсы Lays, Бекон, 90 г",День рождения Магнит,Not data,/upload/iblock/0bf/0bf91f9bd52d88021deb36efc2fac0a5.jpg,Not data,Not data,04 апреля,/promo/187641/
607dd19d242187015355166f,20 апреля,"Чипсы Lays, Зеленый лук, 90 г",День рождения Магнит,Not data,/upload/iblock/fab/fab094940213a4b3046992a1278a1fa3.jpg,Not data,Not data,04 апреля,/promo/187651/
607dd19d2421870153551670,20 апреля,"Чипсы Lays, Краб, 90 г",День рождения Магнит,Not data,/upload/iblock/67c/67c794c88edb04bfd17bfff514f0d787.jpg,Not data,Not data,04 апреля,/promo/187661/
607dd19d2421870153551671,20 апреля,"Чипсы Lays, Сметана зелень, 90 г",День рождения Магнит,Not data,/upload/iblock/0e4/0e41cfdccb895133436f3ee7498e9d74.jpg,Not data,Not data,04 апреля,/promo/187671/
607dd19d2421870153551672,20 апреля,"Чипсы Lays, Сыр/с Солью, 90 г",День рождения Магнит,Not data,/upload/iblock/baa/baa96ec41bcddf172fbacaae0808eb2e.jpg,Not data,Not data,04 апреля,/promo/187681/
607dd19d2421870153551673,20 апреля,"Вафельные трубочки Lucky Days, сгущенное молоко, 400 г",День рождения Магнит,Not data,/upload/iblock/0aa/0aa38b058f43b67c780d0513854bcd71.jpg,Not data,Not data,04 апреля,/promo/187691/
607dd19d2421870153551674,20 апреля,"Карамель Lucky Days, мини, ассорти, 250 г",День рождения Магнит,Not data,/upload/iblock/d3c/d3c16dc6f6c743568c66c3b1fce0ce56.jpg,Not data,Not data,04 апреля,/promo/187701/
607dd19d2421870153551675,20 апреля,"Паста Lucky Days, шоколадная/молочная, 350 г",День рождения Магнит,Not data,/upload/iblock/06a/06af7f1e030498a131887651db479f4f.jpg,Not data,Not data,04 апреля,/promo/187711/
607dd19d2421870153551676,20 апреля,"Печенье Lucky Days, овсяное, классическое, 310 г",День рождения Магнит,Not data,/upload/iblock/14c/14cc5be19f275b0404f58e0397b7fc13.jpg,Not data,Not data,04 апреля,/promo/187721/
607dd19d2421870153551677,20 апреля,"Жевательная резинка Orbit, Белоснежная, нежная мята, 14 г",День рождения Магнит,Not data,/upload/iblock/834/834017e96ff6e35ccc9432c0ad7faa0f.jpg,Not data,Not data,04 апреля,/promo/187731/
607dd19d2421870153551678,20 апреля,"Напиток Pepsi Cola, сильногазированный, 2 л",День рождения Магнит,Not data,/upload/iblock/4ea/4eaaa03f41f8135af44017cdd9c00ea2.jpg,Not data,Not data,04 апреля,/promo/187741/
607dd19d2421870153551679,20 апреля,"Корм для котят Perfect Fit, с курицей, 85 г",День рождения Магнит,Not data,/upload/iblock/83b/83bf83502061654666e18137ccfce713.jpg,Not data,Not data,04 апреля,/promo/187751/
607dd19d242187015355167a,20 апреля,"Kорм для кошек Perfect Fit, для стерилизованных, с курицей, 85 г",День рождения Магнит,Not data,/upload/iblock/d90/d906a31ff238d5d15d2e9c3500760f41.jpg,Not data,Not data,04 апреля,/promo/187761/
607dd19d242187015355167b,20 апреля,"Корм для взрослых и чувствительных кошек Perfect Fit, влажный, с индейкой, 85 г",День рождения Магнит,Not data,/upload/iblock/c31/c3116a297c1d3df35346ef8285867a6c.jpg,Not data,Not data,04 апреля,/promo/187771/
607dd19d242187015355167c,20 апреля,"Шоколадный батончик Snickers, 50,5 г",День рождения Магнит,Not data,/upload/iblock/916/916301e5ce53dfeecbc341bec01a70a4.jpg,Not data,Not data,04 апреля,/promo/187781/
607dd19d242187015355167d,20 апреля,"Крабовые палочки Аморе, имитация, охлажденные, 200 г ",День рождения Магнит,Not data,/upload/iblock/4e8/4e85863bd8d7ffb3a437ef4943206773.jpg,Not data,Not data,04 апреля,/promo/187801/
607dd19d242187015355167e,20 апреля,"Абрикосы Восточный гость, сушеные, 150 г",День рождения Магнит,Not data,/upload/iblock/12f/12f556ead1ce752847a42679d7b6f91d.jpg,Not data,Not data,04 апреля,/promo/187841/
607dd19d242187015355167f,20 апреля,"Грецкий орех Восточный гость, 150 г",День рождения Магнит,Not data,/upload/iblock/857/857eddf907d1f0971709a8de927af5ca.jpg,Not data,Not data,04 апреля,/promo/187851/
607dd19d2421870153551680,20 апреля,"Конфеты Даёжъ, с карамелью, арахисом и криспи",День рождения Магнит,Not data,/upload/iblock/789/789eac0380aeb8bd8ce1d664e2248f5b.jpg,Not data,Not data,04 апреля,/promo/187861/
607dd19d2421870153551681,20 апреля,"Конфеты Даёжъ, с карамелью, сливками и криспи",День рождения Магнит,Not data,/upload/iblock/c0f/c0fbb6a1681bb9e53e026af8a9057d80.jpg,Not data,Not data,04 апреля,/promo/187871/
607dd19d2421870153551682,20 апреля,"Подгузники Каспер Макси (7-18 кг), 64 шт",День рождения Магнит,Not data,/upload/iblock/9c3/9c35f6214e501487b7e1bdf97a8a8b57.jpg,Not data,Not data,04 апреля,/promo/187881/
607dd19d2421870153551683,20 апреля,"Кофе в зернах Ambassador, Gold Label, средне обжаренный, пакет, 1000 г",День рождения Магнит,Not data,/upload/iblock/254/25494fff1b10d2d9280bf828e611a0ec.jpg,Not data,Not data,04 апреля,/promo/187891/
607dd19d2421870153551684,20 апреля,"Кофе в зёрнах Черная Карта Сrema, пакет, 1000 г",День рождения Магнит,Not data,/upload/iblock/cfb/cfb1db5b577659130801a4206aa0f238.jpg,Not data,Not data,04 апреля,/promo/187901/
607dd19d2421870153551685,20 апреля,"Морс Магнит, Семейные секреты, брусничный, 1 л",День рождения Магнит,Not data,/upload/iblock/ff7/ff797f7d0e083bb255746719c7a61ef1.jpg,Not data,Not data,04 апреля,/promo/187911/
607dd19d2421870153551686,20 апреля,"Кекс Магнит, Чудесный край, Столичный, 370 г",День рождения Магнит,Not data,/upload/iblock/dc4/dc49c69bf6af2de0860d0660ea3538ed.jpg,Not data,Not data,04 апреля,/promo/187921/
607dd19d2421870153551687,20 апреля,"Котлеты домашние, свинина/говядина, 0,4 кг",День рождения Магнит,Not data,/upload/iblock/06c/06cb01f7c8807f3e7e9963a5cf5bd973.jpg,Not data,Not data,04 апреля,/promo/187931/
607dd19d2421870153551688,20 апреля,"Конфеты Праздник Сластены, вафельные, шоколадные, в глазури",День рождения Магнит,Not data,/upload/iblock/192/192c77f32baf4444f0dc1fa1d15e6f25.jpg,Not data,Not data,04 апреля,/promo/187941/
607dd19d2421870153551689,20 апреля,"Минеральная вода Рычал-Су, газированная, 0,5 л",День рождения Магнит,Not data,/upload/iblock/688/68880b759bf8aba8e6085b64e2659d7e.jpg,Not data,Not data,04 апреля,/promo/187951/
607dd19d242187015355168a,20 апреля,"Сельдь тихоокеанская, слабосоленая, филе, 400 г",День рождения Магнит,Not data,/upload/iblock/04a/04a87552e8d7b13c0f1f9efbcbb564e2.jpg,Not data,Not data,04 апреля,/promo/187961/
607dd19d242187015355168b,20 апреля,"Форель слабосоленая, филе кусочки, 200 г",День рождения Магнит,Not data,/upload/iblock/e28/e281f08ce03796f19823a3eb6db803cb.jpg,Not data,Not data,04 апреля,/promo/187971/
607dd19d242187015355168c,20 апреля,"Форель холодного копчения, филе кусочки, 200 г",День рождения Магнит,Not data,/upload/iblock/25c/25cf74c93f995f9343ebe8a208c1aa1b.jpg,Not data,Not data,04 апреля,/promo/187981/
607dd19d242187015355168d,20 апреля,"Корм для кошек Феликс, кролик, 85 г",День рождения Магнит,Not data,/upload/iblock/1ba/1ba41b31c5efcfe97e69c3270d2d4ba2.jpg,Not data,Not data,04 апреля,/promo/188001/
607dd19d242187015355168e,20 апреля,"Корм для кошек Феликс, курица, желе, 85 г",День рождения Магнит,Not data,/upload/iblock/346/3465ab556f81582e63279d07366c2837.jpg,Not data,Not data,04 апреля,/promo/188011/
607dd19d242187015355168f,20 апреля,"Корм для кошек Феликс, лосось желе, 85 г",День рождения Магнит,Not data,/upload/iblock/595/595de9ccd44434f175a54cd48bc1fd14.jpg,Not data,Not data,04 апреля,/promo/188021/
607dd19d2421870153551690,20 апреля,"Сменный баллон Airwick Live Scents, Королевский десерт, 250 мл",День рождения Магнит,Not data,/upload/iblock/574/574fae635e651c6f85fe06d4f4d8eddb.jpg,Not data,Not data,04 апреля,/promo/188571/
607dd19d2421870153551691,20 апреля,"Сменный баллон Airwick, нежный шелк лилии/райские цветы/дикий гранат, 250 мл",День рождения Магнит,Not data,/upload/iblock/bcb/bcb7d30de6f717f4dec1f89d40df7afe.jpg,Not data,Not data,04 апреля,/promo/188581/
607dd19d2421870153551692,20 апреля,"Гель для мытья посуды Aos, бальзам/лимон, 450 г",День рождения Магнит,Not data,/upload/iblock/277/277f6030923e83549c2ecdd75bd95382.jpg,Not data,Not data,04 апреля,/promo/188591/
607dd19d2421870153551693,20 апреля,"Батончик Boom, карамель/печенье, 42 г",День рождения Магнит,Not data,/upload/iblock/94f/94f1e1cb3d46112688f6cae811117ca5.jpg,Not data,Not data,04 апреля,/promo/188601/
607dd19d2421870153551694,20 апреля,"Напиток Evervess, сильногазированный, 1 л",День рождения Магнит,Not data,/upload/iblock/bb2/bb2d4d25816a2743a174a6130d6bf038.jpg,Not data,Not data,04 апреля,/promo/188641/
607dd19d2421870153551695,20 апреля,"Энергетический напиток Gorilla, сильногазированный, 0,45 л",День рождения Магнит,Not data,/upload/iblock/e43/e4384020d3898f4b244164de30cda694.jpg,Not data,Not data,04 апреля,/promo/188661/
607dd19d2421870153551696,20 апреля,"Пирожное Kinder Milk-Slice, 0,028 кг",День рождения Магнит,Not data,/upload/iblock/fcb/fcb452145a39b59f1a5331ef274ce4f3.jpg,Not data,Not data,04 апреля,/promo/188671/
607dd19d2421870153551697,20 апреля,"Чипсы Lays, Бекон, 90 г",День рождения Магнит,Not data,/upload/iblock/9db/9db16710a59a452d7393d668ff785ef5.jpg,Not data,Not data,04 апреля,/promo/188731/
607dd19d2421870153551698,20 апреля,"Чипсы Lays, Зеленый лук, 90 г",День рождения Магнит,Not data,/upload/iblock/e43/e43ae20a1e380c632fac40adfef87ea7.jpg,Not data,Not data,04 апреля,/promo/188741/
607dd19d2421870153551699,20 апреля,"Чипсы Lays, Краб, 90 г",День рождения Магнит,Not data,/upload/iblock/53d/53d455525d2c855a2446b08cae892d22.jpg,Not data,Not data,04 апреля,/promo/188751/
607dd19d242187015355169a,20 апреля,"Чипсы Lays, Сметана зелень, 90 г",День рождения Магнит,Not data,/upload/iblock/a99/a99dd2eb7844db1190bbc0c243f1f987.jpg,Not data,Not data,04 апреля,/promo/188761/
607dd19d242187015355169b,20 апреля,"Чипсы Lays, Сыр/с Солью, 90 г",День рождения Магнит,Not data,/upload/iblock/4b0/4b03c54c3e7ad1bb1d74540866bd3ecb.jpg,Not data,Not data,04 апреля,/promo/188771/
607dd19d242187015355169c,20 апреля,"Вафельные трубочки Lucky Days, сгущенное молоко, 400 г",День рождения Магнит,Not data,/upload/iblock/857/857c78776ad79305cb4ca31f5ffbfd61.jpg,Not data,Not data,04 апреля,/promo/188781/
607dd19d242187015355169d,20 апреля,"Карамель Lucky Days, мини, ассорти, 250 г",День рождения Магнит,Not data,/upload/iblock/2ca/2ca306d120bf7e68db869589fb480cf8.jpg,Not data,Not data,04 апреля,/promo/188791/
607dd19d242187015355169e,20 апреля,"Паста Lucky Days, шоколадная/молочная, 350 г",День рождения Магнит,Not data,/upload/iblock/4ab/4ab9231755c381ff8cfe6c5df57d95cc.jpg,Not data,Not data,04 апреля,/promo/188801/
607dd19d242187015355169f,20 апреля,"Печенье Lucky Days, овсяное, классическое, 310 г",День рождения Магнит,Not data,/upload/iblock/e57/e57479943209dd119486b958673c2d22.jpg,Not data,Not data,04 апреля,/promo/188811/
607dd19d24218701535516a0,20 апреля,"Жевательная резинка Orbit, Белоснежная, нежная мята, 14 г",День рождения Магнит,Not data,/upload/iblock/d61/d612986d2668a6539f6c56c5729e1117.jpg,Not data,Not data,04 апреля,/promo/188821/
607dd19d24218701535516a1,20 апреля,"Напиток Pepsi Cola, сильногазированный, 2 л",День рождения Магнит,Not data,/upload/iblock/b6c/b6c6228a8d57306ff1a344b2e19a3d99.jpg,Not data,Not data,04 апреля,/promo/188831/
607dd19d24218701535516a2,20 апреля,"Корм для котят Perfect Fit, с курицей, 85 г",День рождения Магнит,Not data,/upload/iblock/a65/a65add7322f7b54123425a288d2865d7.jpg,Not data,Not data,04 апреля,/promo/188841/
607dd19d24218701535516a3,20 апреля,"Kорм для кошек Perfect Fit, для стерилизованных, с курицей, 85 г",День рождения Магнит,Not data,/upload/iblock/51f/51f3b3699866a8b7665f7d02708a62b3.jpg,Not data,Not data,04 апреля,/promo/188851/
607dd19d24218701535516a4,20 апреля,"Корм для взрослых и чувствительных кошек Perfect Fit, влажный, с индейкой, 85 г",День рождения Магнит,Not data,/upload/iblock/474/4749ebfb3c4286b22947d7b478e20f79.jpg,Not data,Not data,04 апреля,/promo/188861/
607dd19d24218701535516a5,20 апреля,"Шоколадный батончик Snickers, 50,5 г",День рождения Магнит,Not data,/upload/iblock/25f/25f31daa9e90d9fc921f3ef06897b4a3.jpg,Not data,Not data,04 апреля,/promo/188871/
607dd19d24218701535516a6,20 апреля,"Крабовые палочки Аморе, имитация, охлажденные, 200 г ",День рождения Магнит,Not data,/upload/iblock/ee7/ee746b1d5468d4a3b4cf6f3a0f331368.jpg,Not data,Not data,04 апреля,/promo/188891/
607dd19d24218701535516a7,20 апреля,"Абрикосы Восточный гость, сушеные, 150 г",День рождения Магнит,Not data,/upload/iblock/07b/07b92a7536369ac7ac3ea5977b02b804.jpg,Not data,Not data,04 апреля,/promo/188931/
607dd19d24218701535516a8,20 апреля,"Грецкий орех Восточный гость, 150 г",День рождения Магнит,Not data,/upload/iblock/73e/73ede599ece453c7773abed865455074.jpg,Not data,Not data,04 апреля,/promo/188941/
607dd19d24218701535516a9,20 апреля,"Конфеты Даёжъ, с карамелью, арахисом и криспи",День рождения Магнит,Not data,/upload/iblock/d03/d0369d0c9bfd26dd451a9fb608fdeba4.jpg,Not data,Not data,04 апреля,/promo/188951/
607dd19d24218701535516aa,20 апреля,"Конфеты Даёжъ, с карамелью, сливками и криспи",День рождения Магнит,Not data,/upload/iblock/f43/f430112fe6fb468d8585a72d735199d6.jpg,Not data,Not data,04 апреля,/promo/188961/
607dd19d24218701535516ab,20 апреля,"Подгузники Каспер Макси (7-18 кг), 64 шт",День рождения Магнит,Not data,/upload/iblock/068/06875ed02ff2291c6d967957b2ea466f.jpg,Not data,Not data,04 апреля,/promo/188971/
607dd19d24218701535516ac,20 апреля,"Морс Магнит, Семейные секреты, брусничный, 1 л",День рождения Магнит,Not data,/upload/iblock/7dd/7dd5117434132643c0a108675623517b.jpg,Not data,Not data,04 апреля,/promo/188981/
607dd19d24218701535516ad,20 апреля,"Кекс Магнит, Чудесный край, Столичный, 370 г",День рождения Магнит,Not data,/upload/iblock/129/1293760cd95d0edf73b20abb94deb69d.jpg,Not data,Not data,04 апреля,/promo/188991/
607dd19d24218701535516ae,20 апреля,"Котлеты домашние, свинина/говядина, 0,4 кг",День рождения Магнит,Not data,/upload/iblock/27d/27d499ca72cbb8d303852209da52ec36.jpg,Not data,Not data,04 апреля,/promo/189001/
607dd19d24218701535516af,20 апреля,"Конфеты Праздник Сластены, вафельные, шоколадные, в глазури",День рождения Магнит,Not data,/upload/iblock/177/177f7130c694ded78b823c6877eb5d9f.jpg,Not data,Not data,04 апреля,/promo/189011/
607dd19d24218701535516b0,20 апреля,"Минеральная вода Рычал-Су, газированная, 0,5 л",День рождения Магнит,Not data,/upload/iblock/b82/b822b28b86ab6feddf1d2d9ddd47b08b.jpg,Not data,Not data,04 апреля,/promo/189021/
607dd19d24218701535516b1,20 апреля,"Сельдь тихоокеанская, слабосоленая, филе, 400 г",День рождения Магнит,Not data,/upload/iblock/e43/e4306fada71043e3c3def7809ed6a90e.jpg,Not data,Not data,04 апреля,/promo/189031/
607dd19d24218701535516b2,20 апреля,"Форель слабосоленая, филе кусочки, 200 г",День рождения Магнит,Not data,/upload/iblock/86b/86b9a21d8a6e29ad7a273c235a6ffba1.jpg,Not data,Not data,04 апреля,/promo/189041/
607dd19d24218701535516b3,20 апреля,"Форель холодного копчения, филе кусочки, 200 г",День рождения Магнит,Not data,/upload/iblock/67c/67ccbf5efeb4805b7000fa52d28815b9.jpg,Not data,Not data,04 апреля,/promo/189051/
607dd19d24218701535516b4,20 апреля,"Корм для кошек Феликс, кролик, 85 г",День рождения Магнит,Not data,/upload/iblock/2c2/2c20aa167ed79d07fffe4cf265fd46a2.jpg,Not data,Not data,04 апреля,/promo/189071/
607dd19d24218701535516b5,20 апреля,"Корм для кошек Феликс, курица, желе, 85 г",День рождения Магнит,Not data,/upload/iblock/22f/22fec723bbfcabb3432f18140713169e.jpg,Not data,Not data,04 апреля,/promo/189081/
607dd19d24218701535516b6,20 апреля,"Корм для кошек Феликс, лосось желе, 85 г",День рождения Магнит,Not data,/upload/iblock/a80/a80ed7ef0550869c19875e3f8d686069.jpg,Not data,Not data,04 апреля,/promo/189091/
607dd19d24218701535516b7,20 апреля,"Конфеты Snickers, Минис, 100 г",День рождения Магнит,Not data,/upload/iblock/7bc/7bcc2cd07e8f711008b32056ef208931.jpg,Not data,Not data,04 апреля,/promo/203901/
607dd19d24218701535516b8,20 апреля,"Конфеты Snickers, Минис, 100 г",День рождения Магнит,Not data,/upload/iblock/ba4/ba4fbdd7319aa2e41d679217e8dfdddb.jpg,Not data,Not data,04 апреля,/promo/203911/
607dd19d24218701535516b9,13 мая,"Заменитель сахара Новасвит, 1200 таблеток",Больше бонусов,Not data,/upload/iblock/fe7/fe7f433420e0767594e46efcd90f1b00.jpg,Not data,Not data,07 апреля,/promo/200841/
607dd19d24218701535516ba,13 мая,"Заменитель сахара Новасвит, 1200 таблеток",Больше бонусов,Not data,/upload/iblock/078/078284729e28fc6cbbea6a24312da32a.jpg,Not data,Not data,07 апреля,/promo/201381/
607dd19d24218701535516bb,20 апреля,"Пюре Агуша, 90 г, в ассортименте",Товары-спонсоры,Not data,/upload/iblock/330/330a9f9b972cb14cc9853e668a727e6e.jpg,Not data,Not data,07 апреля,/promo/208551/
607dd19d24218701535516bc,20 апреля,"Йогурт Активиа, 150 г, в ассортименте",Товары-спонсоры,Not data,/upload/iblock/525/525b84620a773f7a9c2c870f60a750e5.jpg,Not data,Not data,07 апреля,/promo/208561/
607dd19d24218701535516bd,20 апреля,"Молоко Домик в деревне, 3,5 - 4,5 %, 930 мл",Товары-спонсоры,Not data,/upload/iblock/4c6/4c6dae19fa585cdbd52a02121f601cd9.jpg,Not data,Not data,07 апреля,/promo/208571/
607dd19d24218701535516be,20 апреля,"Колбаса Сервелат Охотничий, 0,35 кг",Товары-спонсоры,Not data,/upload/iblock/c0b/c0b8e715fa6896bca154f0a285f3e327.jpg,Not data,Not data,07 апреля,/promo/208581/
607dd19d24218701535516bf,20 апреля,"Молоко Кубанская буренка, 2,5 %, 0,93 л ",Товары-спонсоры,Not data,/upload/iblock/3f6/3f61606824ab0b3bfd410a41220451d0.jpg,Not data,Not data,07 апреля,/promo/208591/
607dd19d24218701535516c0,20 апреля,"Йогурт Нежный, 100 г, в ассортименте",Товары-спонсоры,Not data,/upload/iblock/230/230fccec2903f745c37b07c701c4f9bf.jpg,Not data,Not data,07 апреля,/promo/208601/
607dd19d24218701535516c1,20 апреля,"Молоко Простоквашино, 2,5 %, 0,93 л",Товары-спонсоры,Not data,/upload/iblock/2c3/2c356dcc82daa0a8bf977088c2eaeecc.jpg,Not data,Not data,07 апреля,/promo/208611/
607dd19d24218701535516c2,20 апреля,"Майонез Слобода, Провансаль, Сметанный, 67 %, 375 г",Товары-спонсоры,Not data,/upload/iblock/b3a/b3ad2fc5e55d90bcbdb410679c5d8776.jpg,Not data,Not data,07 апреля,/promo/208621/
607dd19d24218701535516c3,20 апреля,"Сосиски молочные, по-черкизовски, 0,65 кг",Товары-спонсоры,Not data,/upload/iblock/cd2/cd20c4e6d6e5ad1d4d87dc1178dac1fe.jpg,Not data,Not data,07 апреля,/promo/208631/
607dd19d24218701535516c4,20 апреля,"Каша Тема, 206 г, в ассортименте",Товары-спонсоры,Not data,/upload/iblock/e57/e573ff0d5284dd53d5e16fc410467bad.jpg,Not data,Not data,07 апреля,/promo/208641/
607dd19d24218701535516c5,20 апреля,"Колбаса Черкизово, Сальчичон, 0,35 кг",Товары-спонсоры,Not data,/upload/iblock/2a9/2a952c4d8223501843f32ec8f9e2ba74.jpg,Not data,Not data,07 апреля,/promo/208651/
607dd19d24218701535516c6,20 апреля,"Сосиски молочные, по-черкизовски, 450 г",Товары-спонсоры,Not data,/upload/iblock/a80/a800ec18a61c484bd0559a5daa361d7c.jpg,Not data,Not data,07 апреля,/promo/208661/
607dd19d24218701535516c7,20 апреля,"Йогурт Чудо, 290 г, в ассортименте",Товары-спонсоры,Not data,/upload/iblock/21d/21d971dd94edc5d1de0b5d7dd3e0eb87.jpg,Not data,Not data,07 апреля,/promo/208671/
607dd19d24218701535516c8,20 апреля,"Туалетная бумага Zewa Deluxe, Жасмин, 3 слоя",Товары-спонсоры,Not data,/upload/iblock/311/311fa6a8ae359151bcf7a653ab5c7be5.jpg,Not data,Not data,07 апреля,/promo/208721/
607dd19d24218701535516c9,20 апреля,"Пюре Агуша, 90 г, в ассортименте",Товары-спонсоры,Not data,/upload/iblock/565/5654d9708f1b02631ee383dc0a7cd97e.jpg,Not data,Not data,07 апреля,/promo/208731/
607dd19d24218701535516ca,20 апреля,"Йогурт Активиа, 150 г, в ассортименте",Товары-спонсоры,Not data,/upload/iblock/10a/10a39118f24064db9768be11c9423379.jpg,Not data,Not data,07 апреля,/promo/208741/
607dd19d24218701535516cb,20 апреля,"Молоко Домик в деревне, 3,5 - 4,5 %, 930 мл",Товары-спонсоры,Not data,/upload/iblock/00e/00e25837706a3e15f357df2257112566.jpg,Not data,Not data,07 апреля,/promo/208751/
607dd19d24218701535516cc,20 апреля,"Колбаса Сервелат Охотничий, 0,35 кг",Товары-спонсоры,Not data,/upload/iblock/ef5/ef509a99af2bb4469d19dadd1026250d.jpg,Not data,Not data,07 апреля,/promo/208761/
607dd19d24218701535516cd,20 апреля,"Молоко Кубанская буренка, 2,5 %, 0,93 л ",Товары-спонсоры,Not data,/upload/iblock/e82/e822440e4a06ed3a00ee4a939883284b.jpg,Not data,Not data,07 апреля,/promo/208771/
607dd19d24218701535516ce,20 апреля,"Йогурт Нежный, 100 г, в ассортименте",Товары-спонсоры,Not data,/upload/iblock/ea6/ea610e8c8245b98bb26656d56936cbe2.jpg,Not data,Not data,07 апреля,/promo/208781/
607dd19d24218701535516cf,20 апреля,"Молоко Простоквашино, 2,5 %, 0,93 л",Товары-спонсоры,Not data,/upload/iblock/9d4/9d40abab226e601a1dbff6dd140c50ac.jpg,Not data,Not data,07 апреля,/promo/208791/
607dd19d24218701535516d0,20 апреля,"Майонез Слобода, Провансаль, Сметанный, 67 %, 375 г",Товары-спонсоры,Not data,/upload/iblock/93a/93af3ea277b6715907ee31d23aecefc2.jpg,Not data,Not data,07 апреля,/promo/208801/
607dd19d24218701535516d1,20 апреля,"Сосиски молочные, по-черкизовски, 0,65 кг",Товары-спонсоры,Not data,/upload/iblock/3f6/3f6942775c8ba207b69dc6f011addd6a.jpg,Not data,Not data,07 апреля,/promo/208811/
607dd19d24218701535516d2,20 апреля,"Каша Тема, 206 г, в ассортименте",Товары-спонсоры,Not data,/upload/iblock/297/297efbe6690354d548be4eb0f83b3822.jpg,Not data,Not data,07 апреля,/promo/208821/
607dd19d24218701535516d3,20 апреля,"Колбаса Черкизово, Сальчичон, 0,35 кг",Товары-спонсоры,Not data,/upload/iblock/d03/d034a1ca97697b1b3feec8905006e1a4.jpg,Not data,Not data,07 апреля,/promo/208831/
607dd19d24218701535516d4,20 апреля,"Сосиски молочные, по-черкизовски, 450 г",Товары-спонсоры,Not data,/upload/iblock/c0f/c0f3e1ddd6cfd0c79b726d1226d2ec05.jpg,Not data,Not data,07 апреля,/promo/208841/
607dd19d24218701535516d5,20 апреля,"Йогурт Чудо, 290 г, в ассортименте",Товары-спонсоры,Not data,/upload/iblock/f35/f35f7bf7fa07b298eaa4cb18859c309c.jpg,Not data,Not data,07 апреля,/promo/208851/
607dd19d24218701535516d6,20 апреля,"Шампунь Elseve, длина мечты, 400 мл",Больше бонусов,Not data,/upload/iblock/710/7108bb528f3d9a5deff813e9486beffc.jpg,Not data,Not data,08 апреля,/promo/200851/
607dd19d24218701535516d7,20 апреля,"Бальзам Elseve, длина мечты, 400 мл",Больше бонусов,Not data,/upload/iblock/331/331b15db002a0d62a9e3494d6ab901f2.jpg,Not data,Not data,08 апреля,/promo/200861/
607dd19d24218701535516d8,20 апреля,"Бальзам Elseve, 6 Масел, 400 мл",Больше бонусов,Not data,/upload/iblock/3a7/3a73b740461e689ebdd01cf270735f2a.jpg,Not data,Not data,08 апреля,/promo/200871/
607dd19d24218701535516d9,20 апреля,"Бальзам Elseve, полное восстановление 5, 400 мл",Больше бонусов,Not data,/upload/iblock/8ae/8aee284a86a97784beaa124542e0259f.jpg,Not data,Not data,08 апреля,/promo/200881/
607dd19d24218701535516da,20 апреля,"Шампунь Elseve, Роскошь питания 6 масел, 400 мл",Больше бонусов,Not data,/upload/iblock/52e/52e11d73d0d4b1e2eb86b1765e94f1b8.jpg,Not data,Not data,08 апреля,/promo/200891/
607dd19d24218701535516db,20 апреля,"Шампунь Elseve, полное восстановление, 400 мл",Больше бонусов,Not data,/upload/iblock/268/268bc45bf20452945fb2fdaba201fd66.jpg,Not data,Not data,08 апреля,/promo/200901/
607dd19d24218701535516dc,20 апреля,"Шампунь Elseve, длина мечты, 400 мл",Больше бонусов,Not data,/upload/iblock/fea/feaccf665d1281754a3e841626793fce.jpg,Not data,Not data,08 апреля,/promo/201391/
607dd19d24218701535516dd,20 апреля,"Бальзам Elseve, длина мечты, 400 мл",Больше бонусов,Not data,/upload/iblock/c03/c0315c80a995c079f3840bd12d2275ba.jpg,Not data,Not data,08 апреля,/promo/201401/
607dd19d24218701535516de,20 апреля,"Бальзам Elseve, 3 ценные глины, 200 мл",Больше бонусов,Not data,/upload/iblock/4d0/4d093b9a5e0370c43d6ab8bf7ae335a9.jpg,Not data,Not data,08 апреля,/promo/201411/
607dd19d24218701535516df,20 апреля,"Шампунь Elseve, 3 ценные глины, 400 мл",Больше бонусов,Not data,/upload/iblock/ad2/ad21e94a4a32f58ad98515b5cb2e6141.jpg,Not data,Not data,08 апреля,/promo/201421/
607dd19d24218701535516e0,20 апреля,"Шампунь Elseve Low, Полное восстановление 5, 400 мл",Больше бонусов,Not data,/upload/iblock/47f/47f618a1dc9dd14f7c6294ab3ece8bc0.jpg,Not data,Not data,08 апреля,/promo/201431/
607dd19d24218701535516e1,20 апреля,"Шампунь Elseve Low, Роскошь 6 масел, 400 мл",Больше бонусов,Not data,/upload/iblock/252/2520ac21be0113e5c81f225b8108561b.jpg,Not data,Not data,08 апреля,/promo/201441/
607dd19d24218701535516e2,20 апреля,"Бальзам Elseve, 6 Масел, 400 мл",Больше бонусов,Not data,/upload/iblock/388/388f10dcd597002e3f5af82f92ed2326.jpg,Not data,Not data,08 апреля,/promo/201451/
607dd19d24218701535516e3,20 апреля,"Бальзам Elseve, полное восстановление 5, 400 мл",Больше бонусов,Not data,/upload/iblock/f46/f46ee0eedd4eb73e258bbaf472409ac0.jpg,Not data,Not data,08 апреля,/promo/201461/
607dd19d24218701535516e4,20 апреля,"Бальзам Elseve, роза, Роскошь 6 масел, 200 мл",Больше бонусов,Not data,/upload/iblock/aa5/aa50144d0430b55c9278410d05b89db7.jpg,Not data,Not data,08 апреля,/promo/201471/
607dd19d24218701535516e5,20 апреля,"Бальзам Elseve, Эксперт цвета, цвет и блеск, 200 мл",Больше бонусов,Not data,/upload/iblock/9d7/9d7ff4d615f31c91b29e62a415226dd6.jpg,Not data,Not data,08 апреля,/promo/201481/
607dd19d24218701535516e6,20 апреля,"Спрей Elseve, двухфазный, полное восстановление 5, 200 мл",Больше бонусов,Not data,/upload/iblock/e02/e02d36b5e20839b4a0408223a872ba07.jpg,Not data,Not data,08 апреля,/promo/201491/
607dd19d24218701535516e7,20 апреля,"Крем от ломкости Elseve, Ультра прочность, 200 мл",Больше бонусов,Not data,/upload/iblock/31e/31e625986f804138b86661a21ddf2ca5.jpg,Not data,Not data,08 апреля,/promo/201501/
607dd19d24218701535516e8,20 апреля,"Крем-масло Elseve, Роскошь 6 масел, 150 мл",Больше бонусов,Not data,/upload/iblock/eb9/eb91293891b6003eba31d8fe0f1722e4.jpg,Not data,Not data,08 апреля,/promo/201511/
607dd19d24218701535516e9,20 апреля,"Крем-уход Elseve, Несмываемый, длина мечты, 200 мл",Больше бонусов,Not data,/upload/iblock/340/3406b40586b25db46d7b958c1eb4467c.jpg,Not data,Not data,08 апреля,/promo/201521/
607dd19d24218701535516ea,20 апреля,"Маска для волос Elseve, Роскошь 6 масел, 300 мл ",Больше бонусов,Not data,/upload/iblock/7f9/7f97e4bfeece4c70d1cc928286c69c2c.jpg,Not data,Not data,08 апреля,/promo/201531/
607dd19d24218701535516eb,20 апреля,"Маска Elseve, Длина мечты, 300 мл",Больше бонусов,Not data,/upload/iblock/611/611b65590d278da2eb0a219850d74be1.jpg,Not data,Not data,08 апреля,/promo/201541/
607dd19d24218701535516ec,20 апреля,"Маска для волос Elseve, Фиолетовая, 150 мл",Больше бонусов,Not data,/upload/iblock/bda/bdaa8b296aa342f0d137e455b66cda87.jpg,Not data,Not data,08 апреля,/promo/201551/
607dd19d24218701535516ed,20 апреля,"Маска Elseve, Комплексное восстановление, 300 мл",Больше бонусов,Not data,/upload/iblock/6ed/6ed3a0ffc71185b109cf9a99e845df2e.jpg,Not data,Not data,08 апреля,/promo/201561/
607dd19d24218701535516ee,20 апреля,"Масло универсальное для волос Elseve, 100 мл",Больше бонусов,Not data,/upload/iblock/055/0552f93ad892b084558f18a07df2fd71.jpg,Not data,Not data,08 апреля,/promo/201571/
607dd19d24218701535516ef,20 апреля,"Шампунь Elseve, Роскошь питания 6 масел, 400 мл",Больше бонусов,Not data,/upload/iblock/4b4/4b4e3410e6ae7b00bb75d7d290f0c390.jpg,Not data,Not data,08 апреля,/promo/201581/
607dd19d24218701535516f0,20 апреля,"Шампунь Elseve, Сила аргинина/Ультра прочность, 400 мл",Больше бонусов,Not data,/upload/iblock/1c5/1c5803dc477747e431cc73c1dfb07ff5.jpg,Not data,Not data,08 апреля,/promo/201591/
607dd19d24218701535516f1,20 апреля,"Шампунь Elseve, Фиолетовый, 200 мл",Больше бонусов,Not data,/upload/iblock/f33/f33ebb1328b80716c7bbebaf5936e31d.jpg,Not data,Not data,08 апреля,/promo/201601/
607dd19d24218701535516f2,20 апреля,"Шампунь Elseve, Полное восстановление кончиков волос, 400 мл",Больше бонусов,Not data,/upload/iblock/ff6/ff654d6bb6d02239c14b57b25f234751.jpg,Not data,Not data,08 апреля,/promo/201611/
607dd19d24218701535516f3,20 апреля,"Шампунь Elseve, роза, Роскошь 6 масел, 250 мл",Больше бонусов,Not data,/upload/iblock/705/70537c10c54defa9dc267361b8967a4c.jpg,Not data,Not data,08 апреля,/promo/201621/
607dd19d24218701535516f4,20 апреля,"Шампунь Elseve, роза, Роскошь 6 масел, 400 мл",Больше бонусов,Not data,/upload/iblock/f15/f15e4ef3ecd1eb93b0f87ed76cca10fb.jpg,Not data,Not data,08 апреля,/promo/201631/
607dd19d24218701535516f5,20 апреля,"Шампунь Elseve, Эксперт цвета/Цвет и блеск, 250 мл",Больше бонусов,Not data,/upload/iblock/a64/a64892d0212b5831b89773fc14377cb5.jpg,Not data,Not data,08 апреля,/promo/201641/
607dd19d24218701535516f6,20 апреля,"Спрей Эликсир Elseve, 6 масел, Роскошь, 200 мл",Больше бонусов,Not data,/upload/iblock/e3e/e3e620bcdc16a4a2c9a87485acf80d15.jpg,Not data,Not data,08 апреля,/promo/201651/
607dd19d24218701535516f7,20 апреля,"Экстра масло Elseve, Восстановление, для поврежденных волос, 100 мл",Больше бонусов,Not data,/upload/iblock/ce5/ce5a56c117e231182fb6f27167200a72.jpg,Not data,Not data,08 апреля,/promo/201661/
607dd19d24218701535516f8,20 апреля,"Шампунь Elseve, Эксперт цвета, 400 мл",Больше бонусов,Not data,/upload/iblock/93a/93ad32c86ee14dfaa9308b591b773b1f.jpg,Not data,Not data,08 апреля,/promo/201671/
607dd19d24218701535516f9,05 мая,"Чипсы Lays, со вкусом сметаны и зелени, 240 г",Товары-спонсоры,Not data,/upload/iblock/102/102b40e3c3bdc644fb53ef10d391ae85.jpg,Not data,Not data,08 апреля,/promo/208511/
607dd19d24218701535516fa,05 мая,"Творог Агуша, 100 г, в ассортименте",Товары-спонсоры,Not data,/upload/iblock/4eb/4ebcb145fe76356c428d4cd845608f29.jpg,Not data,Not data,08 апреля,/promo/208521/
607dd19d24218701535516fb,05 мая,"Сыр Ламбер, 180 г, в ассортименте",Товары-спонсоры,Not data,/upload/iblock/c6a/c6af7bfb74522a1c0f095fd6e6a68740.jpg,Not data,Not data,08 апреля,/promo/208531/
607dd19d24218701535516fc,05 мая,"Багет Сухари Хрустеам, 45 г, в ассортименте",Товары-спонсоры,Not data,/upload/iblock/3bf/3bf9a66e98f393c6210021b31f6f0832.jpg,Not data,Not data,08 апреля,/promo/208541/
607dd19d24218701535516fd,05 мая,"Чипсы Lays, со вкусом сметаны и зелени, 240 г",Товары-спонсоры,Not data,/upload/iblock/d44/d446cca65abdcab40b7c3f2ab41f5f6d.jpg,Not data,Not data,08 апреля,/promo/208681/
607dd19d24218701535516fe,05 мая,"Творог Агуша, 100 г, в ассортименте",Товары-спонсоры,Not data,/upload/iblock/769/76916e31af2bf09fc0df1fa040d1b0f4.jpg,Not data,Not data,08 апреля,/promo/208691/
607dd19d24218701535516ff,05 мая,"Сыр Ламбер, 180 г, в ассортименте",Товары-спонсоры,Not data,/upload/iblock/983/98375f4b256cc60d68ee2acdcf636fd4.jpg,Not data,Not data,08 апреля,/promo/208701/
607dd19d2421870153551700,05 мая,"Багет Сухари Хрустеам, 45 г, в ассортименте",Товары-спонсоры,Not data,/upload/iblock/c17/c17de2982d590cc5558572ff52389c89.jpg,Not data,Not data,08 апреля,/promo/208711/
607dd19d2421870153551701,27 апреля,"Каша Фрутоняня, мультизлак, без молока, 200 г",Больше бонусов,Not data,/upload/iblock/9a4/9a407d7bd501262605c55665bed628b0.jpg,Not data,Not data,14 апреля,/promo/200931/
607dd19d2421870153551702,27 апреля,"Каша Фрутоняня, рисовая, без молока, 200 г",Больше бонусов,Not data,/upload/iblock/992/9922c357f6ac56965679e0f8aa39c260.jpg,Not data,Not data,14 апреля,/promo/200941/
607dd19d2421870153551703,27 апреля,"Каша Фрутоняня, гречневая, без молока, 200 г",Больше бонусов,Not data,/upload/iblock/79d/79dc5ee49e0435a337ba43d8303c82e8.jpg,Not data,Not data,14 апреля,/promo/200951/
607dd19d2421870153551704,27 апреля,"Каша Фрутоняня, кукуруза, с 5 месяцев, 180 г",Больше бонусов,Not data,/upload/iblock/766/76687bed2e1a38c86ac60009a7367070.jpg,Not data,Not data,14 апреля,/promo/200961/
607dd19d2421870153551705,27 апреля,"Каша Фрутоняня, молочная, гречневая, чернослив, 200 г",Больше бонусов,Not data,/upload/iblock/73b/73bd53773f3c9e2b7356e7e34b678bdc.jpg,Not data,Not data,14 апреля,/promo/200971/
607dd19d2421870153551706,27 апреля,"Каша Фрутоняня, молочная, мультизлак/яблоко/смородина/вишня, 200 г",Больше бонусов,Not data,/upload/iblock/f8d/f8d6fa94e9bd34e67c1d9ae7563d4f8f.jpg,Not data,Not data,14 апреля,/promo/200981/
607dd19d2421870153551707,27 апреля,"Каша Фрутоняня, молочная, овес/ персик, 200 г",Больше бонусов,Not data,/upload/iblock/ddb/ddbe965591964af53b983d8381884395.jpg,Not data,Not data,14 апреля,/promo/200991/
607dd19d2421870153551708,27 апреля,"Каша Фрутоняня, молочная, овсяная, яблоко/банан, 200 г",Больше бонусов,Not data,/upload/iblock/5ac/5ac720c4c260ba9334fc2a61fdbfea3f.jpg,Not data,Not data,14 апреля,/promo/201001/
607dd19d2421870153551709,27 апреля,"Каша Фрутоняня, молочная, рисовая, тыква/абрикос, 200 г",Больше бонусов,Not data,/upload/iblock/1a3/1a3c1d7d5f940c2e80ea74ac91c82a42.jpg,Not data,Not data,14 апреля,/promo/201011/
607dd19d242187015355170a,27 апреля,"Каша Фрутоняня, молочная, злак/яблоко/банан/земляника, 200 г",Больше бонусов,Not data,/upload/iblock/4c7/4c768e9a34ce686abc305c3991a64083.jpg,Not data,Not data,14 апреля,/promo/201021/
607dd19d242187015355170b,27 апреля,"Каша Фрутоняня, пшеничная, яблоко/земляника, 200 г",Больше бонусов,Not data,/upload/iblock/8a8/8a8eccd99d6f9fca45afb38adfe74efe.jpg,Not data,Not data,14 апреля,/promo/201031/
607dd19d242187015355170c,27 апреля,"Каша Фрутоняня, мультизлак, без молока, 200 г",Больше бонусов,Not data,/upload/iblock/c96/c96c30a67afd2b71ef29263e3e35e644.jpg,Not data,Not data,14 апреля,/promo/201731/
607dd19d242187015355170d,27 апреля,"Каша Фрутоняня, рисовая, без молока, 200 г",Больше бонусов,Not data,/upload/iblock/2a6/2a6fb05c7ca8acb55057660b0970d4a0.jpg,Not data,Not data,14 апреля,/promo/201741/
607dd19d242187015355170e,27 апреля,"Каша Фрутоняня, гречневая, без молока, 200 г",Больше бонусов,Not data,/upload/iblock/593/593a55e671d5e88119e91f751a04a1a6.jpg,Not data,Not data,14 апреля,/promo/201751/
607dd19d242187015355170f,27 апреля,"Каша Фрутоняня, кукуруза, с 5 месяцев, 180 г",Больше бонусов,Not data,/upload/iblock/024/024c8623868ac47b59650ea9aa17238b.jpg,Not data,Not data,14 апреля,/promo/201761/
607dd19d2421870153551710,27 апреля,"Каша Фрутоняня, молочная, гречневая, чернослив, 200 г",Больше бонусов,Not data,/upload/iblock/32a/32a9ca4c6a144202ae7e3ae774c6c08f.jpg,Not data,Not data,14 апреля,/promo/201771/
607dd19d2421870153551711,27 апреля,"Каша Фрутоняня, молочная, мультизлак/яблоко/смородина/вишня, 200 г",Больше бонусов,Not data,/upload/iblock/6b9/6b9fb2685895fddda99332d57c9d02af.jpg,Not data,Not data,14 апреля,/promo/201781/
607dd19d2421870153551712,27 апреля,"Каша Фрутоняня, молочная, овес/ персик, 200 г",Больше бонусов,Not data,/upload/iblock/e86/e8635dd09aa55131f540c4f4ec3452e9.jpg,Not data,Not data,14 апреля,/promo/201791/
607dd19d2421870153551713,27 апреля,"Каша Фрутоняня, молочная, овсяная, яблоко/банан, 200 г",Больше бонусов,Not data,/upload/iblock/f98/f987408bdad19ff894bd2b04058ab35e.jpg,Not data,Not data,14 апреля,/promo/201801/
607dd19d2421870153551714,27 апреля,"Каша Фрутоняня, молочная, рисовая, тыква/абрикос, 200 г",Больше бонусов,Not data,/upload/iblock/9fe/9fe3b667114b5884ef289a56a23bf781.jpg,Not data,Not data,14 апреля,/promo/201811/
607dd19d2421870153551715,27 апреля,"Каша Фрутоняня, молочная, злак/яблоко/банан/земляника, 200 г",Больше бонусов,Not data,/upload/iblock/e36/e36068eb29e3169fa7f86204c5050f2e.jpg,Not data,Not data,14 апреля,/promo/201821/
607dd19d2421870153551716,27 апреля,"Каша Фрутоняня, пшеничная, яблоко/земляника, 200 г",Больше бонусов,Not data,/upload/iblock/44a/44a9f7a141923988d19c789c028fca62.jpg,Not data,Not data,14 апреля,/promo/201831/
607dd19d2421870153551717,13 мая,"'Батончик Ол''Лайт, Микс 1'",Больше бонусов,Not data,/upload/iblock/4d5/4d5414fe88c726b393f60dd900cca9e8.jpg,Not data,Not data,14 апреля,/promo/201861/
607dd19d2421870153551718,20 апреля,Кофе бренда Lavazza,Скидки на каждой полке,Not data,/upload/iblock/9bc/9bce0764462d8d9aec04b6cb2776cca1.jpg,Not data,−44%,14 апреля,/promo/205221/
607dd19d2421870153551719,27 апреля,"Шампунь Shamtu, Глубокое очищение и свежесть с экстрактами трав, 360 мл",Больше бонусов,Not data,/upload/iblock/31e/31e4e3281e97b4c811d0f3568f8708bf.jpg,Not data,Not data,14 апреля,/promo/207031/
607dd19d242187015355171a,27 апреля,"Шампунь Shamtu, Питание и сила, с экстрактами фруктов, 360 мл",Больше бонусов,Not data,/upload/iblock/bc6/bc6f4bae5f1f6600e0732f8d972f9fd5.jpg,Not data,Not data,14 апреля,/promo/207041/
607dd19d242187015355171b,27 апреля,"Шампунь Shamtu, Против перхоти с пиритионом цинка, 360 мл",Больше бонусов,Not data,/upload/iblock/c4d/c4d8430ddad2200a5fb92709fea37b4c.jpg,Not data,Not data,14 апреля,/promo/207051/
607dd19d242187015355171c,27 апреля,"Шампунь Shamtu, Питание и сила, с экстрактами фруктов, 360 мл",Больше бонусов,Not data,/upload/iblock/ce7/ce792b78f3a95ddf10a186185d020f0d.jpg,Not data,Not data,14 апреля,/promo/207081/
607dd19d242187015355171d,28 апреля,"Изюм сушеный Восточный гость, голден, 150 г",Больше бонусов,Not data,/upload/iblock/194/194561f2aa66395d4dfaa3b044acd584.jpg,Not data,Not data,14 апреля,/promo/209521/
607dd19d242187015355171e,28 апреля,"Семена льна, 250 г",Больше бонусов,Not data,/upload/iblock/b67/b67c54da574a90a30080487a6dd93748.jpg,Not data,Not data,14 апреля,/promo/209531/
607dd19d242187015355171f,28 апреля,"Изюм сушеный Восточный гость, голден, 150 г",Больше бонусов,Not data,/upload/iblock/83d/83d6bf95fed87ffdf8ac9983d6b8cfbb.jpg,Not data,Not data,14 апреля,/promo/209541/
607dd19d2421870153551720,28 апреля,"Семена льна, 250 г",Больше бонусов,Not data,/upload/iblock/976/97610d2edc4c45a54109662ccca9fa44.jpg,Not data,Not data,14 апреля,/promo/209551/
607dd19d2421870153551721,15 мая,"Гречка Мистраль, ядрица, 900 г",Больше бонусов,Not data,/upload/iblock/fe4/fe4b1a0dfa6349625d761152b139e84d.jpg,Not data,Not data,15 апреля,/promo/201061/
607dd19d2421870153551722,15 мая,"Крупа Мистраль, пшеничная Булгур 500 г ",Больше бонусов,Not data,/upload/iblock/006/00656f590d28656dce5ccc3febd1fdbb.jpg,Not data,Not data,15 апреля,/promo/201071/
607dd19d2421870153551723,15 мая,"Рис Мистраль, длиннозерный, 800 г",Больше бонусов,Not data,/upload/iblock/aa4/aa4dbe861934a8dad0ca58e72eb13aef.jpg,Not data,Not data,15 апреля,/promo/201081/
607dd19d2421870153551724,15 мая,"Рис Мистраль, для плова традиционного, 900 г",Больше бонусов,Not data,/upload/iblock/8a5/8a59f89ab767365d72e8938cb45716cf.jpg,Not data,Not data,15 апреля,/promo/201091/
607dd19d2421870153551725,15 мая,"Рис Мистраль, круглозерный, Краснодар, 800 г",Больше бонусов,Not data,/upload/iblock/41b/41b1dec72ad3dd759719781d010a37fd.jpg,Not data,Not data,15 апреля,/promo/201101/
607dd19d2421870153551726,15 мая,"Рис Мистраль, Кубань 5х80 г * 6",Больше бонусов,Not data,/upload/iblock/bf8/bf8d82ab1ed8b6ac8f7465760e140e97.jpg,Not data,Not data,15 апреля,/promo/201111/
607dd19d2421870153551727,15 мая,"Рис Мистраль, Кубань, 900 г",Больше бонусов,Not data,/upload/iblock/08c/08c10dbae607cd4239ae7724af82b9b6.jpg,Not data,Not data,15 апреля,/promo/201121/
607dd19d2421870153551728,15 мая,"Рис Мистраль, пропаренный, 800 г",Больше бонусов,Not data,/upload/iblock/302/3028d858df11253c60a3b49d7c73d3c7.jpg,Not data,Not data,15 апреля,/promo/201131/
607dd19d2421870153551729,15 мая,"Гречка Мистраль, ядрица, 900 г",Больше бонусов,Not data,/upload/iblock/68c/68c41a9cb9779c172f1629a10d7dfc4d.jpg,Not data,Not data,15 апреля,/promo/201871/
607dd19d242187015355172a,15 мая,"Крупа Мистраль, пшеничная Булгур 500 г ",Больше бонусов,Not data,/upload/iblock/6dc/6dcae49a1d33822fc562e36a5426e14a.jpg,Not data,Not data,15 апреля,/promo/201881/
607dd19d242187015355172b,15 мая,"Рис Мистраль, длиннозерный, 800 г",Больше бонусов,Not data,/upload/iblock/21d/21d00f89521e74cfbdb4c6c08e3ababf.jpg,Not data,Not data,15 апреля,/promo/201891/
607dd19d242187015355172c,15 мая,"Рис Мистраль, для плова традиционного, 900 г",Больше бонусов,Not data,/upload/iblock/145/145f41cc77da361ceef116c1ef2a6417.jpg,Not data,Not data,15 апреля,/promo/201901/
607dd19d242187015355172d,15 мая,"Рис Мистраль, круглозерный, Краснодар, 800 г",Больше бонусов,Not data,/upload/iblock/f56/f5646323d40bbfbad3d790c6e33c5588.jpg,Not data,Not data,15 апреля,/promo/201911/
607dd19d242187015355172e,15 мая,"Рис Мистраль, Кубань 5х80 г * 6",Больше бонусов,Not data,/upload/iblock/956/956d8dafb585f02859438df231df08ba.jpg,Not data,Not data,15 апреля,/promo/201921/
607dd19d242187015355172f,15 мая,"Рис Мистраль, Кубань, 900 г",Больше бонусов,Not data,/upload/iblock/ca2/ca21a89619e848d39a422be0bd8a6651.jpg,Not data,Not data,15 апреля,/promo/201931/
607dd19d2421870153551730,15 мая,"Рис Мистраль, пропаренный, 800 г",Больше бонусов,Not data,/upload/iblock/942/942abd12d1405c8ab8759fc50862761a.jpg,Not data,Not data,15 апреля,/promo/201941/
607dd19d2421870153551731,Not data,"Замороженные  овощи, грибы, плоды и ягоды",Скидка на категорию,Not data,/upload/iblock/3c9/3c950c8c9df6be2b7d626267e108c400.jpg,Not data,−25%,Not data,/promo/186671/
607dd19d2421870153551732,Not data,"Замороженные  пельмени, хинкали, вареники",Скидка на категорию,Not data,/upload/iblock/676/6766372f99c4fdc80663f98d18d91546.jpg,Not data,−25%,Not data,/promo/186691/
607dd19d2421870153551733,Not data,День рождения Магнит Аптеки,Скидка,Not data,/upload/iblock/428/428aaefadbbdcab2eec9a57d62ed9026.jpg,Not data,Not data,Not data,/promo/202651/